player_id,cricsheet_key,full_name,old_fuzzy_id,register_id,old_status,old_name,old_dob,new_name,new_dob
25,BKG Mendis,B N R Mendis,49732,629074,matched,,,Balapuwaduge Kusal Gimhan Mendis,
226,Sultan Ahmed,Sultan Ahmed,873769,42876,matched,,,Sultan Ahmed,
252,Mohammad Shahzad,Mohammad Shahzad Mohammadi,419873,738445,matched,Mohammad Shahzad Mohammadi,,Mohammad Shahzad,
271,MDKJ Perera,Mahamalage Sampath Madhushankha Perera,49909,300631,matched,Mahamalage Sampath Madhushankha Perera,,Mathurage Don Kusal Janith Perera,
331,PC de Silva,Warshamannadi Pradeep Nandana de Silva,422970,345825,matched,Warshamannadi Pradeep Nandana de Silva,,,
338,N Pradeep,N Pradeep,50043,324358,matched,N Pradeep,,Aththachchi Nuwan Pradeep Roshan Fernando,
347,BMAJ Mendis,B N R Mendis,49732,49700,matched,B N R Mendis,,Balapuwaduge Manukulasuriya Amith Jeevan Mendis,
405,B Mavuta,Brandon Mavuta,1360532,806239,matched,Brandon Mavuta,,Brandon Anesu Mavuta,
434,CBRLS Kumara,Chandane Kumara Suriyaarachchi,50716,784375,matched,Chandane Kumara Suriyaarachchi,,Chandradasa Brahammana Ralalage Lahiru Sudesh Kumara,
469,Sandeep Goud,Sandeep Goud,1287099,1174024,matched,Sandeep Goud,,Sandeep Goud,
524,Rakibul Hasan,Rakibul Hasan,1012131,671889,matched,Rakibul Hasan,,Rakibul Hasan,
537,PWH de Silva,Warshamannadi Pradeep Nandana de Silva,422970,784379,matched,Warshamannadi Pradeep Nandana de Silva,,Pinnaduwage Wanindu Hasaranga de Silva,
539,BOP Fernando,Binura Fernando,629080,366725,matched,Binura Fernando,,Bodiyabaduge Oshada Piyumal Fernando,
588,RR Patel,Rushabhvardhan Nipun Patel,473378,267455,matched,Rushabhvardhan Nipun Patel,,Rakep Rajendra Patel,
717,Ahmed Hassan,Ahmed Hassan,1209330,387120,matched,Ahmed Hassan,,Ahmed Hassan,
806,MO Jones,OW Jones,331695,257574,matched,OW Jones,,Malachi Olin Jones,
812,RA Thomas,Andrew Thomas,1223295,1159654,matched,Andrew Thomas,,Rodrigo Augustine Thomas,
941,Zulqarnain Haider,Zulqarnain Haider,43860,1046641,matched,Zulqarnain Haider,,Zulqarnain Haider,
1191,CV Varun,Trichunapalli Pradeep Varun,35753,1108375,matched,Trichunapalli Pradeep Varun,,Varun Chakravarthy Vinod,
1333,Aftab Ahmed,Aftab Ahmed Chowdhury,56266,303415,matched,Aftab Ahmed Chowdhury,,Aftab Ahmed,
1349,Junaid Khan,Junaid Khan,1496497,1274040,matched,Junaid Khan,,Junaid Khan,
1424,A Nanda,AKaveesh Wenura bhishek Ananda Kumara,1301854,1198917,matched,AKaveesh Wenura bhishek Ananda Kumara,,Ankush Nanda,
1704,KB Ahir,Ketan Bhai Ahir,1454631,1182031,matched,Ketan Bhai Ahir,,Khengar Bhal Ahir,
1759,B Yadav,Bishal Yadav,1381757,1185233,matched,Bishal Yadav,,Bibek Kumar Yadav,
1887,E Solomon,Emanuel Solomon,1046743,467809,matched,Emanuel Solomon,,Eshkol Solomon,
2010,A Shukla,Arpit Shukla,1445602,1167779,matched,Arpit Shukla,,Ayush Shukla,
2038,D Madushanka,Dananja Madushanka,1088568,793007,matched,Dananja Madushanka,,Lokumarakkalage Dilshan Madushanka,
2177,P Fernando,Priyantha Fernando,1452981,1343366,matched,Priyantha Fernando,,Pidusha Fernando,
2344,AM Patel,Mitulkumar Patel,1159867,1360656,matched,Mitulkumar Patel,,Ahmed Mehmood Patel,
2345,RDB Ahir,Bharat Ahir,345276,1360653,matched,Bharat Ahir,,Rahul Dipak Bhai Ahir,
2347,VC Ahir,Vishal Ahir,1182279,1360704,matched,Vishal Ahir,,Vishal Chhimabhai Ahir,
2629,JKC Ahir,Ketan Bhai Ahir,1454631,1399355,matched,Ketan Bhai Ahir,,Jay Kumar Chetanbhai Ahir,
2750,J Campbell,John Dillon Campbell,348026,1120613,matched,John Dillon Campbell,,Johnathan Mitchell Ross Campbell,
2824,SB Wagh,Shrikant Bhaskar Wagh,279552,1428735,matched,Shrikant Bhaskar Wagh,,Sanjay Bansi Wagh,
3262,Muhammad Asim,Muhammad Asim,1514025,1464831,matched,Muhammad Asim,,Muhammad Asim,
3355,AS Nadkarni,Sushilkumar Suhas Nadkarni,31807,1415048,matched,Sushilkumar Suhas Nadkarni,,Aarin Sushil Nadkarni,
3689,A Awasthi,Akansha Awasthi,1438311,1500607,matched,Akansha Awasthi,,Abhishek Awasthi,
3713,GO Jones,G Jones,515230,15501,matched,G Jones,,Geraint Owen Jones,
3769,SI Mahmood,Saqib Mahmood,643885,17944,matched,Saqib Mahmood,,Sajid Iqbal Mahmood,
3785,AJ Hall,J Hall,939227,45396,matched,J Hall,,Andrew James Hall,
3817,JAH Marshall,Hamish John Hamilton Marshall,37696,37698,matched,Hamish John Hamilton Marshall,,James Andrew Hamilton Marshall,
3823,HMCM Bandara,H M Chamika Madushani Bandara,318611,48284,matched,H M Chamika Madushani Bandara,,Herath Mudiyanselage Charitha Malinga Bandara,
3833,DS Smith,Dwayne Romel Smith,53118,52962,matched,Dwayne Romel Smith,,Devon Sheldon Smith,
4064,MM Patel,Monica Chhelaram Patel,1213438,32965,matched,Monica Chhelaram Patel,,Munaf Musa Patel,
4074,Mohammad Salman,Mohammad Salman,1457744,41481,matched,Mohammad Salman,,Mohammad Salman,
4102,Hammad Azam,Hammad Azam,734623,384518,matched,Hammad Azam,,Hammad Azam,
4119,MR Swart,MW Swart,886587,308794,matched,MW Swart,,Michael Richard Swart,
4126,MA Parker,Mollie Anne Parker,1469052,298197,matched,Mollie Anne Parker,,Matthew Archibald Parker,
4169,KOA Powell,Kirk Howard Antonio Powell,52717,252932,matched,Kirk Howard Antonio Powell,,Kieran Omar Akeem Powell,
4199,PJ Hughes,PF Hughes,270072,272364,matched,PF Hughes,,Phillip Joel Hughes,
4205,Mukhtar Ahmed,Mukhtar Ahmed,41527,556916,matched,Mukhtar Ahmed,,Mukhtar Ahmed,
4214,A Karn,Abhinash Karn,1185477,524093,matched,Abhinash Karn,,Avinash Karn,
4279,NB Singh,Navdeep Singh,31805,853259,matched,Navdeep Singh,,Nathu Bharat Singh,
4280,AD Nath,Daivik Vishwanath,917051,500360,matched,Daivik Vishwanath,,Akshdeep Deependra Nath,
4303,GC Viljoen,Corne Viljoen,1070990,375126,matched,Corne Viljoen,,GC Viljoen,
4330,RV Patel,Rudra Mayur Patel,1408682,1201520,matched,Rudra Mayur Patel,,Ripal Vinubhai Patel,
4369,Harpreet Singh,Harpreet Singh,29278,340854,matched,Harpreet Singh,,Harpreet Singh Bhatia,
4434,M Rawat,Mayank Ram Rawat,1079847,33440,matched,Mayank Ram Rawat,,Mahesh Rawat,
4439,PR Shah,PT Shah,34987,34282,matched,PT Shah,,Pinal Rohitbhai Shah,
4456,DB Das,Bipul Das,28359,328163,matched,Bipul Das,,Debabrata Baidya Das,
4470,H Das,Himadri Shekhar Das,28167,236810,matched,Himadri Shekhar Das,,Halhadar Das,
4473,VS Malik,Vishvas Malik,1287063,31738,matched,Vishvas Malik,,Vikramjeet Singh Malik,
4610,Saad Ali,Saad Ali,448249,547085,matched,Saad Ali,,Syed Saad Ali,
4614,Mohammad Mohsin,Mohammad Mohsin,735149,935881,matched,,,Mohammad Mohsin,
4823,JA Davies,Joel Arthur Davies,270492,1295851,matched,Joel Arthur Davies,,Joel Derek Davies,
4870,DLR Smith,Dwayne Romel Smith,53118,7644,matched,Dwayne Romel Smith,,Daniel Lindsay Richard Smith,
4876,AW O'Brien,Alex O'Brien,581309,7025,matched,Alex O'Brien,,Aaron Warren O'Brien,
4900,DJ Pattinson,James Lee Pattinson,272465,270253,matched,James Lee Pattinson,,Darren John Pattinson,
4905,JD Smith,D Smith,453114,262161,matched,D Smith,,James David Smith,
4933,DYA Davis,Dorrett Davis,55118,348031,matched,Dorrett Davis,,Derone Yohann Anthony Davis,
4943,T Webster,Troy Anthony Webster,8398,1091078,matched,Troy Anthony Webster,,Tion Webster,
4958,RA Lewis,Rawl Nicholas Lewis,52343,670037,matched,Rawl Nicholas Lewis,,Ramaal Antwaine Lewis,
4989,TJ Bishop,Tim Bishop,502795,1275935,matched,Tim Bishop,,Teddy J Bishop,
5058,S Jayathilake,Mallikage Asiri Supeshala Jayathilake,429690,727399,matched,Mallikage Asiri Supeshala Jayathilake,,Sachitha Jayatilake,
