cricsheet_key,country,status,candidates,reason
"A Tripathi",,ambiguous,5,"multiple candidates after filtering"
"AR Nair",,ambiguous,6,"multiple candidates after filtering"
"DK Butler",,ambiguous,5,"multiple candidates after filtering"
"Gagandeep Singh",,ambiguous,9,"multiple candidates after filtering"
"J van Heerden",,ambiguous,3,"multiple candidates after filtering"
"Mohammad Asghar",,ambiguous,4,"multiple candidates after filtering"
"Nazmus Sakib",,ambiguous,5,"multiple candidates after filtering"
"Ibrahim Zadran",Afghanistan,ambiguous,2,"multiple candidates after filtering"
"Mohammad Nabi",Afghanistan,ambiguous,2,"multiple candidates after filtering"
"A Symonds",Australia,ambiguous,2,"multiple candidates after filtering"
"AJ McKay",Australia,ambiguous,3,"multiple candidates after filtering"
"AW Robinson",Australia,ambiguous,2,"multiple candidates after filtering"
"C Green",Australia,ambiguous,2,"multiple candidates after filtering"
"HTRY Thornton",Australia,ambiguous,2,"multiple candidates after filtering"
"MJ Buchanan",Australia,ambiguous,2,"multiple candidates after filtering"
"Abdul Majid",Bahrain,ambiguous,2,"multiple candidates after filtering"
"Anamul Haque",Bangladesh,ambiguous,2,"multiple candidates after filtering"
"Ariful Haque",Bangladesh,ambiguous,2,"multiple candidates after filtering"
"Mosaddek Hossain",Bangladesh,ambiguous,2,"multiple candidates after filtering"
"Mustafizur Rahman",Bangladesh,ambiguous,2,"multiple candidates after filtering"
"Nazmul Hossain",Bangladesh,ambiguous,3,"multiple candidates after filtering"
"Raqibul Hasan",Bangladesh,ambiguous,2,"multiple candidates after filtering"
"Robiul Islam",Bangladesh,ambiguous,3,"multiple candidates after filtering"
"Shahadat Hossain",Bangladesh,ambiguous,2,"multiple candidates after filtering"
"C Trott",Bermuda,ambiguous,2,"multiple candidates after filtering"
"J Edness",Bermuda,ambiguous,2,"multiple candidates after filtering"
"RJ Trott",Bermuda,ambiguous,2,"multiple candidates after filtering"
"K Dorji",Bhutan,ambiguous,2,"multiple candidates after filtering"
"Karma Dorji",Bhutan,ambiguous,2,"multiple candidates after filtering"
"R Limbu",Bhutan,ambiguous,2,"multiple candidates after filtering"
"S Pradhan",Bhutan,ambiguous,2,"multiple candidates after filtering"
"Tshering Tashi",Bhutan,ambiguous,2,"multiple candidates after filtering"
"U Dorji",Bhutan,ambiguous,2,"multiple candidates after filtering"
"Ugyen Dorji",Bhutan,ambiguous,2,"multiple candidates after filtering"
"A Bagai",Canada,ambiguous,2,"multiple candidates after filtering"
"Pargat Singh",Canada,ambiguous,2,"multiple candidates after filtering"
"AAP Atkinson",England,ambiguous,3,"multiple candidates after filtering"
"JN Snape",England,ambiguous,2,"multiple candidates after filtering"
"LJ Wright",England,ambiguous,3,"multiple candidates after filtering"
"OJ Pope",England,ambiguous,2,"multiple candidates after filtering"
"S Baker",England,ambiguous,2,"multiple candidates after filtering"
"SM Davies",England,ambiguous,3,"multiple candidates after filtering"
"SS Eskinazi",England,ambiguous,2,"multiple candidates after filtering"
"A Chopra",India,ambiguous,6,"multiple candidates after filtering"
"A Choudhary",India,ambiguous,3,"multiple candidates after filtering"
"A Manohar",India,ambiguous,3,"multiple candidates after filtering"
"A Mishra",India,ambiguous,3,"multiple candidates after filtering"
"A Singh",India,ambiguous,3,"multiple candidates after filtering"
"A Tomar",India,ambiguous,4,"multiple candidates after filtering"
"AA Chavan",India,ambiguous,4,"multiple candidates after filtering"
"AG Murtaza",India,ambiguous,2,"multiple candidates after filtering"
"AN Ahmed",India,ambiguous,3,"multiple candidates after filtering"
"AS Yadav",India,ambiguous,3,"multiple candidates after filtering"
"Anirudh Singh",India,ambiguous,2,"multiple candidates after filtering"
"BA Bhatt",India,ambiguous,3,"multiple candidates after filtering"
"G Gambhir",India,ambiguous,2,"multiple candidates after filtering"
"Harbhajan Singh",India,ambiguous,2,"multiple candidates after filtering"
"K Yadav",India,ambiguous,3,"multiple candidates after filtering"
"M Kaif",India,ambiguous,3,"multiple candidates after filtering"
"M Tiwari",India,ambiguous,3,"multiple candidates after filtering"
"P Negi",India,ambiguous,3,"multiple candidates after filtering"
"PA Reddy",India,ambiguous,3,"multiple candidates after filtering"
"PVSN Raju",India,ambiguous,7,"multiple candidates after filtering"
"Prince Yadav",India,ambiguous,2,"multiple candidates after filtering"
"R Bhatia",India,ambiguous,3,"multiple candidates after filtering"
"R Bishnoi",India,ambiguous,4,"multiple candidates after filtering"
"R Dhawan",India,ambiguous,3,"multiple candidates after filtering"
"R Shukla",India,ambiguous,2,"multiple candidates after filtering"
"RA Shaikh",India,ambiguous,3,"multiple candidates after filtering"
"RP Singh",India,ambiguous,5,"multiple candidates after filtering"
"RR Bhatkal",India,ambiguous,3,"multiple candidates after filtering"
"S Aravind",India,ambiguous,2,"multiple candidates after filtering"
"S Kaul",India,ambiguous,2,"multiple candidates after filtering"
"SB Joshi",India,ambiguous,3,"multiple candidates after filtering"
"SS Sarkar",India,ambiguous,4,"multiple candidates after filtering"
"SS Shaikh",India,ambiguous,3,"multiple candidates after filtering"
"SS Tiwary",India,ambiguous,2,"multiple candidates after filtering"
"SV Samson",India,ambiguous,2,"multiple candidates after filtering"
"Shivam Singh",India,ambiguous,3,"multiple candidates after filtering"
"V Pratap Singh",India,ambiguous,2,"multiple candidates after filtering"
"VRV Singh",India,ambiguous,4,"multiple candidates after filtering"
"D Samarawickrama",Italy,ambiguous,2,"multiple candidates after filtering"
"CO Obuya",Kenya,ambiguous,2,"multiple candidates after filtering"
"F Mutua",Kenya,ambiguous,2,"multiple candidates after filtering"
"M Sidibe",Mali,ambiguous,2,"multiple candidates after filtering"
"SMHH Aung",Myanmar,ambiguous,4,"multiple candidates after filtering"
"JI de Villiers",Namibia,ambiguous,2,"multiple candidates after filtering"
"AK Mandal",Nepal,ambiguous,4,"multiple candidates after filtering"
"B Karki",Nepal,ambiguous,3,"multiple candidates after filtering"
"RP Magar",Nepal,ambiguous,3,"multiple candidates after filtering"
"S Dhakal",Nepal,ambiguous,2,"multiple candidates after filtering"
"BFW de Leede",Netherlands,ambiguous,2,"multiple candidates after filtering"
"BJ Jacobs","New Zealand",ambiguous,3,"multiple candidates after filtering"
"Abdul Nasir",Pakistan,ambiguous,2,"multiple candidates after filtering"
"Ahsan Ali",Pakistan,ambiguous,3,"multiple candidates after filtering"
"Aimal Khan",Pakistan,ambiguous,2,"multiple candidates after filtering"
"Anwar Ali",Pakistan,ambiguous,7,"multiple candidates after filtering"
"Asad Ali",Pakistan,ambiguous,6,"multiple candidates after filtering"
"Athar Mahmood",Pakistan,ambiguous,2,"multiple candidates after filtering"
"Azam Khan",Pakistan,ambiguous,6,"multiple candidates after filtering"
"Azhar Ali",Pakistan,ambiguous,2,"multiple candidates after filtering"
"Fawad Ali",Pakistan,ambiguous,2,"multiple candidates after filtering"
"Gauhar Ali",Pakistan,ambiguous,3,"multiple candidates after filtering"
"IS Munir",Pakistan,ambiguous,2,"multiple candidates after filtering"
"Imran Khan (1)",Pakistan,ambiguous,5,"multiple candidates after filtering"
"Jahandad Khan",Pakistan,ambiguous,2,"multiple candidates after filtering"
"Mohammad Ali",Pakistan,ambiguous,13,"multiple candidates after filtering"
"Mohammad Hafeez",Pakistan,ambiguous,3,"multiple candidates after filtering"
"Mohammad Ilyas",Pakistan,ambiguous,3,"multiple candidates after filtering"
"Mohammad Imran",Pakistan,ambiguous,2,"multiple candidates after filtering"
"Mohammad Irfan",Pakistan,ambiguous,6,"multiple candidates after filtering"
"Mohammad Irfan (4)",Pakistan,ambiguous,6,"multiple candidates after filtering"
"Mohammad Irfan (5)",Pakistan,ambiguous,6,"multiple candidates after filtering"
"Mohammad Rizwan",Pakistan,ambiguous,3,"multiple candidates after filtering"
"Mohammad Umar",Pakistan,ambiguous,7,"multiple candidates after filtering"
"Mohammad Wasim",Pakistan,ambiguous,2,"multiple candidates after filtering"
"Mohammad Yousuf",Pakistan,ambiguous,3,"multiple candidates after filtering"
"Muhammad Shahzad",Pakistan,ambiguous,2,"multiple candidates after filtering"
"Rameez Raja (2)",Pakistan,ambiguous,2,"multiple candidates after filtering"
"Sajjad Ali",Pakistan,ambiguous,12,"multiple candidates after filtering"
"Sarfraz Ahmed",Pakistan,ambiguous,4,"multiple candidates after filtering"
"Shoaib Ahmed",Pakistan,ambiguous,2,"multiple candidates after filtering"
"Shoaib Akhtar",Pakistan,ambiguous,3,"multiple candidates after filtering"
"Umer Khan",Pakistan,ambiguous,2,"multiple candidates after filtering"
"Usman Khan",Pakistan,ambiguous,2,"multiple candidates after filtering"
"Usman Tariq",Pakistan,ambiguous,2,"multiple candidates after filtering"
"Younis Khan",Pakistan,ambiguous,2,"multiple candidates after filtering"
Zia-ul-Haq,Pakistan,ambiguous,3,"multiple candidates after filtering"
"A Vala","Papua New Guinea",ambiguous,3,"multiple candidates after filtering"
"Imtiaz Khan","Saudi Arabia",ambiguous,2,"multiple candidates after filtering"
"Brima Ansumana","Sierra Leone",ambiguous,2,"multiple candidates after filtering"
"A Bhargava",Singapore,ambiguous,2,"multiple candidates after filtering"
"BC Fortuin","South Africa",ambiguous,3,"multiple candidates after filtering"
"D Olivier","South Africa",ambiguous,2,"multiple candidates after filtering"
"D Pretorius","South Africa",ambiguous,3,"multiple candidates after filtering"
"D du Preez","South Africa",ambiguous,2,"multiple candidates after filtering"
"DK Jacobs","South Africa",ambiguous,2,"multiple candidates after filtering"
"GJP Kruger","South Africa",ambiguous,3,"multiple candidates after filtering"
"J Botha","South Africa",ambiguous,3,"multiple candidates after filtering"
"J Louw","South Africa",ambiguous,4,"multiple candidates after filtering"
"JP Duminy","South Africa",ambiguous,2,"multiple candidates after filtering"
"M Marais","South Africa",ambiguous,2,"multiple candidates after filtering"
"M Morkel","South Africa",ambiguous,3,"multiple candidates after filtering"
"C Wickramasinghe","Sri Lanka",ambiguous,4,"multiple candidates after filtering"
"C Wijesinghe","Sri Lanka",ambiguous,3,"multiple candidates after filtering"
"CRD Fernando","Sri Lanka",ambiguous,7,"multiple candidates after filtering"
"CU Jayasinghe","Sri Lanka",ambiguous,4,"multiple candidates after filtering"
"DPMD Jayawardene","Sri Lanka",ambiguous,6,"multiple candidates after filtering"
"DSK Madushanka","Sri Lanka",ambiguous,9,"multiple candidates after filtering"
"GSNFG Jayasuriya","Sri Lanka",ambiguous,3,"multiple candidates after filtering"
"HH Ramanayake","Sri Lanka",ambiguous,2,"multiple candidates after filtering"
"KKV Perera","Sri Lanka",ambiguous,2,"multiple candidates after filtering"
"KMC Bandara","Sri Lanka",ambiguous,7,"multiple candidates after filtering"
"KNA Bandara","Sri Lanka",ambiguous,4,"multiple candidates after filtering"
"KNM Fernando","Sri Lanka",ambiguous,2,"multiple candidates after filtering"
"Kaveen Bandara","Sri Lanka",ambiguous,2,"multiple candidates after filtering"
"LD Madushanka","Sri Lanka",ambiguous,4,"multiple candidates after filtering"
"MDK Perera","Sri Lanka",ambiguous,5,"multiple candidates after filtering"
"N Vimukthi","Sri Lanka",ambiguous,2,"multiple candidates after filtering"
"ND Perera","Sri Lanka",ambiguous,2,"multiple candidates after filtering"
"P Nissanka","Sri Lanka",ambiguous,2,"multiple candidates after filtering"
"PDRL Perera","Sri Lanka",ambiguous,12,"multiple candidates after filtering"
"RTM Mendis","Sri Lanka",ambiguous,6,"multiple candidates after filtering"
"S Colombage","Sri Lanka",ambiguous,2,"multiple candidates after filtering"
"ST de Silva","Sri Lanka",ambiguous,2,"multiple candidates after filtering"
"S Nsubuga",Uganda,ambiguous,2,"multiple candidates after filtering"
"Ahmed Raza","United Arab Emirates",ambiguous,2,"multiple candidates after filtering"
"Mohammad Naveed","United Arab Emirates",ambiguous,3,"multiple candidates after filtering"
"Mohammad Usman","United Arab Emirates",ambiguous,2,"multiple candidates after filtering"
"Muhammad Usman","United Arab Emirates",ambiguous,2,"multiple candidates after filtering"
"Muhammad Usman (3)","United Arab Emirates",ambiguous,2,"multiple candidates after filtering"
"Sabir Ali","United Arab Emirates",ambiguous,2,"multiple candidates after filtering"
"A Bramble","West Indies",ambiguous,3,"multiple candidates after filtering"
"DM Richards","West Indies",ambiguous,2,"multiple candidates after filtering"
"J Blades","West Indies",ambiguous,2,"multiple candidates after filtering"
"J Da Silva","West Indies",ambiguous,2,"multiple candidates after filtering"
"T Maruma",Zimbabwe,ambiguous,2,"multiple candidates after filtering"
"T Marumani",Zimbabwe,ambiguous,2,"multiple candidates after filtering"
"M Dixit",Luxembourg,error,0,"search failed: HTTP Error 500: "
"Vivek Dixit",Luxembourg,error,0,"search failed: HTTP Error 500: "
"Avi Dixit",Singapore,error,0,"search failed: HTTP Error 500: "
"T Ramautar",,not_found,0,"no candidate survived filtering"
Hazratullah,Afghanistan,not_found,0,"no candidate survived filtering"
"Samiullah Shenwari",Afghanistan,not_found,0,"no search results"
"B Angeltti",Argentina,not_found,0,"no search results"
"Ian Roberts",Argentina,not_found,0,"no candidate survived filtering"
"Lucas Rossi",Argentina,not_found,0,"no candidate survived filtering"
"Santiago Duggan",Argentina,not_found,0,"no candidate survived filtering"
"AC Thomas",Australia,not_found,0,"no candidate survived filtering"
"BE Young",Australia,not_found,0,"no candidate survived filtering"
"BG Drew",Australia,not_found,0,"no candidate survived filtering"
"CP Savage",Australia,not_found,0,"no candidate survived filtering"
"D Potgieter",Australia,not_found,0,"no candidate survived filtering"
"JA Burns",Australia,not_found,0,"no candidate survived filtering"
"JA Chohan",Australia,not_found,0,"no candidate survived filtering"
"JA Thompson",Australia,not_found,0,"no candidate survived filtering"
"M Lakshan",Australia,not_found,0,"no candidate survived filtering"
"MF Hurst",Australia,not_found,0,"no candidate survived filtering"
"ML Cummins",Australia,not_found,0,"no candidate survived filtering"
"MW Hill",Australia,not_found,0,"no candidate survived filtering"
"NA Sowter",Australia,not_found,0,"no candidate survived filtering"
"NF Kelly",Australia,not_found,0,"no candidate survived filtering"
"RP Kellepotha",Australia,not_found,0,"no candidate survived filtering"
"TP Alsop",Australia,not_found,0,"no candidate survived filtering"
"WB Marshall",Australia,not_found,0,"no candidate survived filtering"
"A Harris",Bahamas,not_found,0,"no candidate survived filtering"
"Bhumeshswar Jagroo",Bahamas,not_found,0,"no candidate survived filtering"
"GT Taylor",Bahamas,not_found,0,"no candidate survived filtering"
"R Patten",Bahamas,not_found,0,"no candidate survived filtering"
"R Smith",Bahamas,not_found,0,"no candidate survived filtering"
"T Brown",Bahamas,not_found,0,"no candidate survived filtering"
"Abdul Majid Abbasi",Bahrain,not_found,0,"no search results"
"Ahmer Bin Nisar",Bahrain,not_found,0,"no candidate survived filtering"
"Haider Butt",Bahrain,not_found,0,"no candidate survived filtering"
"Imran Ali Butt",Bahrain,not_found,0,"no candidate survived filtering"
"Imran Khan",Bahrain,not_found,0,"no candidate survived filtering"
"Mohsin Zaki",Bahrain,not_found,0,"no candidate survived filtering"
"Naveena Shetty",Bahrain,not_found,0,"no candidate survived filtering"
"Sikder Billah",Bahrain,not_found,0,"no candidate survived filtering"
"Ubaid Minhas",Bahrain,not_found,0,"no candidate survived filtering"
"Umer Imtiaz",Bahrain,not_found,0,"no candidate survived filtering"
"Yasser Nazir",Bahrain,not_found,0,"no candidate survived filtering"
"Ebadat Hossain",Bangladesh,not_found,0,"no candidate survived filtering"
"Nazmul Hossain Shanto",Bangladesh,not_found,0,"no candidate survived filtering"
"Suhrawadi Shuvo",Bangladesh,not_found,0,"no candidate survived filtering"
"Yasir Ali Chowdhury",Bangladesh,not_found,0,"no search results"
"A Raza",Belgium,not_found,0,"no candidate survived filtering"
"D Dewald",Belgium,not_found,0,"no candidate survived filtering"
"Iftikhar Kankhel",Belgium,not_found,0,"no candidate survived filtering"
"Muhammad Fahim",Belgium,not_found,0,"no candidate survived filtering"
"Zaki Ul Hassan",Belgium,not_found,0,"no candidate survived filtering"
"B Lewis",Belize,not_found,0,"no candidate survived filtering"
"C Brown",Belize,not_found,0,"no candidate survived filtering"
"C Stephenson",Belize,not_found,0,"no candidate survived filtering"
"J Pook",Belize,not_found,0,"no search results"
"L Bonner",Belize,not_found,0,"no candidate survived filtering"
"R Jones",Belize,not_found,0,"no candidate survived filtering"
"J Proctor",Bermuda,not_found,0,"no candidate survived filtering"
"M Walker",Bermuda,not_found,0,"no candidate survived filtering"
"S Smith",Bermuda,not_found,0,"no candidate survived filtering"
"S Yeshi",Bhutan,not_found,0,"no search results"
"T Chopel",Bhutan,not_found,0,"no search results"
"J Wadia",Botswana,not_found,0,"no candidate survived filtering"
"JB Richards",Botswana,not_found,0,"no candidate survived filtering"
"JWN Moses",Botswana,not_found,0,"no candidate survived filtering"
"K Motlanka",Botswana,not_found,0,"no search results"
"M Badenhorst",Botswana,not_found,0,"no candidate survived filtering"
"M Kasselman",Botswana,not_found,0,"no search results"
"R Aurora",Botswana,not_found,0,"no search results"
"FC Muniz",Brazil,not_found,0,"no search results"
"Kawsar Khan",Brazil,not_found,0,"no candidate survived filtering"
"LF Muller",Brazil,not_found,0,"no candidate survived filtering"
"LG Moras",Brazil,not_found,0,"no search results"
"LH Rodrigues",Brazil,not_found,0,"no candidate survived filtering"
"MFI Assuncao",Brazil,not_found,0,"no search results"
"RV Nascimento",Brazil,not_found,0,"no candidate survived filtering"
"Rejaul Karim",Brazil,not_found,0,"no candidate survived filtering"
"SAR Hashimi",Brazil,not_found,0,"no candidate survived filtering"
"K Krishnakumar",Bulgaria,not_found,0,"no candidate survived filtering"
"C Rathanak",Cambodia,not_found,0,"no candidate survived filtering"
"GC Murtaza",Cambodia,not_found,0,"no candidate survived filtering"
"KDACK Gunarathne",Cambodia,not_found,0,"no candidate survived filtering"
"M Chadha",Cambodia,not_found,0,"no candidate survived filtering"
"Manish Sharma",Cambodia,not_found,0,"no candidate survived filtering"
"NT Gireesh",Cambodia,not_found,0,"no search results"
"Prasad Anish",Cambodia,not_found,0,"no candidate survived filtering"
"RV Viraj",Cambodia,not_found,0,"no candidate survived filtering"
"Shah Abrar Hussain",Cambodia,not_found,0,"no search results"
Sivakumar,Cambodia,not_found,0,"no candidate survived filtering"
"H Kinga",Cameroon,not_found,0,"no candidate survived filtering"
"SYS Assegon",Cameroon,not_found,0,"no search results"
"AS Hansra",Canada,not_found,0,"no candidate survived filtering"
"H Patel",Canada,not_found,0,"no candidate survived filtering"
"NR Kumar",Canada,not_found,0,"no candidate survived filtering"
"S Dhaniram",Canada,not_found,0,"no search results"
"SA Wijeratne",Canada,not_found,0,"no candidate survived filtering"
"Sukhjinder Singh",Canada,not_found,0,"no candidate survived filtering"
"A Dhar","Cayman Islands",not_found,0,"no candidate survived filtering"
"AR Naidoo","Cayman Islands",not_found,0,"no candidate survived filtering"
"M Manivannan","Cayman Islands",not_found,0,"no candidate survived filtering"
"P Chin","Cayman Islands",not_found,0,"no candidate survived filtering"
"R Edwards","Cayman Islands",not_found,0,"no candidate survived filtering"
"R Walker","Cayman Islands",not_found,0,"no candidate survived filtering"
"YSD Seneveratne","Cayman Islands",not_found,0,"no search results"
"Alfredo Puentes",Chile,not_found,0,"no search results"
"Anthony Roe",Chile,not_found,0,"no candidate survived filtering"
"Benjamin Constanzo",Chile,not_found,0,"no search results"
"Edward Taylor",Chile,not_found,0,"no candidate survived filtering"
"Guillermo Aburto",Chile,not_found,0,"no search results"
"John Bartlett",Chile,not_found,0,"no candidate survived filtering"
"Mario Ovalle",Chile,not_found,0,"no search results"
"Nelson Jesus Navarrete Aburto",Chile,not_found,0,"no search results"
"Simon Shalders",Chile,not_found,0,"no search results"
"ARH Patel","Costa Rica",not_found,0,"no candidate survived filtering"
"D Ganesh","Costa Rica",not_found,0,"no candidate survived filtering"
"G Singhdeo","Costa Rica",not_found,0,"no search results"
"Imran Ahmed Kaneez","Costa Rica",not_found,0,"no search results"
"JM Obando","Costa Rica",not_found,0,"no search results"
"JR Lucky","Costa Rica",not_found,0,"no candidate survived filtering"
"K Shivam","Costa Rica",not_found,0,"no candidate survived filtering"
"KO Altamirano","Costa Rica",not_found,0,"no candidate survived filtering"
"PV Naringrekar","Costa Rica",not_found,0,"no search results"
"RR Saun","Costa Rica",not_found,0,"no candidate survived filtering"
"SU Halarnkar","Costa Rica",not_found,0,"no search results"
"A Beresford-Peirse",Croatia,not_found,0,"no search results"
"A Razmilic",Croatia,not_found,0,"no search results"
"A Sathyan",Croatia,not_found,0,"no candidate survived filtering"
"B Jerkovic",Croatia,not_found,0,"no search results"
"C Bevin",Croatia,not_found,0,"no candidate survived filtering"
"DJ Turkich",Croatia,not_found,0,"no candidate survived filtering"
"H Beresford-Peirse",Croatia,not_found,0,"no search results"
"JM Vujinovich",Croatia,not_found,0,"no search results"
"S Bevin",Croatia,not_found,0,"no candidate survived filtering"
"AP Agathangelou",Cyprus,not_found,0,"no candidate survived filtering"
"Adam Senn",Cyprus,not_found,0,"no candidate survived filtering"
"Aminul Islam Chowdhury",Cyprus,not_found,0,"no search results"
"Ashish Bam",Cyprus,not_found,0,"no candidate survived filtering"
"Hardeep Singh",Cyprus,not_found,0,"no candidate survived filtering"
"Lovedeep Singh",Cyprus,not_found,0,"no candidate survived filtering"
"MPGT Ketiyage",Cyprus,not_found,0,"no search results"
"Muhammad Shoaib Ahmed",Cyprus,not_found,0,"no candidate survived filtering"
"S Burdekin",Cyprus,not_found,0,"no candidate survived filtering"
"KM Venkataswamy","Czech Republic",not_found,0,"no candidate survived filtering"
"P Baghel","Czech Republic",not_found,0,"no candidate survived filtering"
"RM Magare","Czech Republic",not_found,0,"no candidate survived filtering"
"TK Lal","Czech Republic",not_found,0,"no candidate survived filtering"
"A Khan",Denmark,not_found,0,"no candidate survived filtering"
"Abdul Hashim",Denmark,not_found,0,"no candidate survived filtering"
"HAM Shah",Denmark,not_found,0,"no candidate survived filtering"
"SA Ahmad",Denmark,not_found,0,"no candidate survived filtering"
"C Stow",England,not_found,0,"no candidate survived filtering"
"MG Gale",England,not_found,0,"no candidate survived filtering"
"MH Wessels",England,not_found,0,"no candidate survived filtering"
"MP Vaughan",England,not_found,0,"no candidate survived filtering"
"OA Shah",England,not_found,0,"no candidate survived filtering"
"WB Rankin",England,not_found,0,"no candidate survived filtering"
"A Paul",Estonia,not_found,0,"no candidate survived filtering"
"Aditya Panwar",Estonia,not_found,0,"no candidate survived filtering"
"Ben Jones",Estonia,not_found,0,"no candidate survived filtering"
"Bilal Masud",Estonia,not_found,0,"no candidate survived filtering"
"D Robson",Estonia,not_found,0,"no candidate survived filtering"
"P Gheewala",Estonia,not_found,0,"no search results"
"Ram Krishan",Estonia,not_found,0,"no candidate survived filtering"
"V Hettiarachchi",Estonia,not_found,0,"no candidate survived filtering"
"Zeeshan Ali",Estonia,not_found,0,"no candidate survived filtering"
"Mohammed Alamgir",Eswatini,not_found,0,"no candidate survived filtering"
"AZ Shah",Fiji,not_found,0,"no candidate survived filtering"
"J Baleicikoibia",Fiji,not_found,0,"no search results"
"J Batinibulu",Fiji,not_found,0,"no search results"
"AK Mohan",Finland,not_found,0,"no candidate survived filtering"
"Sapan Mehta",Finland,not_found,0,"no candidate survived filtering"
"L Smith",France,not_found,0,"no candidate survived filtering"
"U Shahid",France,not_found,0,"no candidate survived filtering"
"Ismaila Tanba",Gambia,not_found,0,"no search results"
"O Touray",Gambia,not_found,0,"no search results"
"Abdul-Shakoor Rahimzei",Germany,not_found,0,"no search results"
"Ahmed Wardak",Germany,not_found,0,"no candidate survived filtering"
"H Singh",Germany,not_found,0,"no candidate survived filtering"
"V Jatinder Kumar",Germany,not_found,0,"no candidate survived filtering"
"DNA Ankrah",Ghana,not_found,0,"no candidate survived filtering"
"F Baleri",Ghana,not_found,0,"no search results"
"L Nyarko",Ghana,not_found,0,"no search results"
"Nurudeen Ibrahim",Ghana,not_found,0,"no candidate survived filtering"
"OH Agbomadzie",Ghana,not_found,0,"no search results"
"SL Perera",Ghana,not_found,0,"no candidate survived filtering"
"Syed Aqeel Israr",Ghana,not_found,0,"no search results"
"TK Joseph",Ghana,not_found,0,"no candidate survived filtering"
"CM Rocca",Gibraltar,not_found,0,"no search results"
"E Packard",Gibraltar,not_found,0,"no candidate survived filtering"
"GH Smit",Guernsey,not_found,0,"no candidate survived filtering"
"JC Martin",Guernsey,not_found,0,"no candidate survived filtering"
"M Dale-Bradley",Guernsey,not_found,0,"no candidate survived filtering"
"Raunaq Kapur","Hong Kong",not_found,0,"no candidate survived filtering"
"Ali Nawaz",Hungary,not_found,0,"no candidate survived filtering"
"Gabor Torok",Hungary,not_found,0,"no search results"
"Ibrar Ahmad",Hungary,not_found,0,"no candidate survived filtering"
"JL du Plooy",Hungary,not_found,0,"no candidate survived filtering"
"JM Polarouthu",Hungary,not_found,0,"no search results"
"JN du Plooy",Hungary,not_found,0,"no candidate survived filtering"
"A Daniel",India,not_found,0,"no candidate survived filtering"
"A Phillip",India,not_found,0,"no candidate survived filtering"
"Aman Hakim Khan",India,not_found,0,"no search results"
"B Sai Sudharsan",India,not_found,0,"no candidate survived filtering"
"G Sanketh",India,not_found,0,"no candidate survived filtering"
"Gurkeerat Singh",India,not_found,0,"no candidate survived filtering"
"I Khaleel",India,not_found,0,"no candidate survived filtering"
"J Layne",India,not_found,0,"no candidate survived filtering"
"JC Carmichael",India,not_found,0,"no candidate survived filtering"
"Jalaj S Saxena",India,not_found,0,"no search results"
"KB Arun Karthik",India,not_found,0,"no candidate survived filtering"
"KK Cooper",India,not_found,0,"no candidate survived filtering"
"KO Wickham",India,not_found,0,"no candidate survived filtering"
"M Clarke",India,not_found,0,"no candidate survived filtering"
"M Nabe",India,not_found,0,"no candidate survived filtering"
"M Prasidh Krishna",India,not_found,0,"no candidate survived filtering"
"N Edward",India,not_found,0,"no candidate survived filtering"
"ND Doshi",India,not_found,0,"no candidate survived filtering"
"Nithish Kumar Reddy",India,not_found,0,"no candidate survived filtering"
"PK Shoufeer",India,not_found,0,"no search results"
"R Sai Kishore",India,not_found,0,"no candidate survived filtering"
"R Sanjay Yadav",India,not_found,0,"no candidate survived filtering"
"R Vinay Kumar",India,not_found,0,"no candidate survived filtering"
"RA Clarke",India,not_found,0,"no candidate survived filtering"
"Raghav Dhawan",India,not_found,0,"no candidate survived filtering"
"S Vidyut",India,not_found,0,"no candidate survived filtering"
"SA Lewis",India,not_found,0,"no candidate survived filtering"
"V Suryavanshi",India,not_found,0,"no candidate survived filtering"
"X Thalaivan Sargunam",India,not_found,0,"no candidate survived filtering"
"Y Gnaneswara Rao",India,not_found,0,"no candidate survived filtering"
"Y Prithvi Raj",India,not_found,0,"no candidate survived filtering"
"Y Venugopal Rao",India,not_found,0,"no candidate survived filtering"
"A Alexander",Indonesia,not_found,0,"no candidate survived filtering"
"AA Rahayu",Indonesia,not_found,0,"no search results"
"Anjar Tadarus",Indonesia,not_found,0,"no search results"
"DK Shetty",Indonesia,not_found,0,"no candidate survived filtering"
"FFJ Heo",Indonesia,not_found,0,"no candidate survived filtering"
"IK Gamantika",Indonesia,not_found,0,"no search results"
"S Sheelan",Indonesia,not_found,0,"no search results"
"AR White",Ireland,not_found,0,"no candidate survived filtering"
"J McAllister",Ireland,not_found,0,"no candidate survived filtering"
"S Barnett","Isle of Man",not_found,0,"no candidate survived filtering"
"LSP Siriwardene",Israel,not_found,0,"no candidate survived filtering"
"WSLK Narayana",Israel,not_found,0,"no candidate survived filtering"
"DKD Warnakulasuriya",Italy,not_found,0,"no candidate survived filtering"
"EN Gay",Italy,not_found,0,"no candidate survived filtering"
"JW Dernbach",Italy,not_found,0,"no candidate survived filtering"
"MGSM Fernando",Italy,not_found,0,"no candidate survived filtering"
"P Sadev",Italy,not_found,0,"no candidate survived filtering"
"MC Alex","Ivory Coast",not_found,0,"no candidate survived filtering"
"OK Mohamed","Ivory Coast",not_found,0,"no candidate survived filtering"
"QF Djakaridja","Ivory Coast",not_found,0,"no candidate survived filtering"
"A Patmore",Japan,not_found,0,"no candidate survived filtering"
"K Takahashi",Japan,not_found,0,"no candidate survived filtering"
"J Kemp",Jersey,not_found,0,"no candidate survived filtering"
"AO Suji",Kenya,not_found,0,"no candidate survived filtering"
"Aarnav Patel",Kenya,not_found,0,"no candidate survived filtering"
"EB Ringera",Kenya,not_found,0,"no search results"
"GM Muthui",Kenya,not_found,0,"no search results"
"N Mugabe",Kenya,not_found,0,"no candidate survived filtering"
"P Koech",Kenya,not_found,0,"no search results"
"RG Aga",Kenya,not_found,0,"no candidate survived filtering"
"S Singh",Kenya,not_found,0,"no candidate survived filtering"
"T Mishra",Kenya,not_found,0,"no candidate survived filtering"
"Aqif Farooq",Kuwait,not_found,0,"no candidate survived filtering"
"Nimish Lathief",Kuwait,not_found,0,"no search results"
"AAA Patel",Lesotho,not_found,0,"no candidate survived filtering"
"B Mejaro",Lesotho,not_found,0,"no search results"
"Sameer Patel",Lesotho,not_found,0,"no candidate survived filtering"
"TJ Ramphoma",Lesotho,not_found,0,"no search results"
"Benjamin Embleton",Luxembourg,not_found,0,"no search results"
"J Pant",Luxembourg,not_found,0,"no candidate survived filtering"
"Kamal Soukhiya",Luxembourg,not_found,0,"no search results"
"Mayank Nagayach",Luxembourg,not_found,0,"no search results"
"Milad Momend",Luxembourg,not_found,0,"no search results"
"Sareer Shah",Luxembourg,not_found,0,"no candidate survived filtering"
"T Martin",Luxembourg,not_found,0,"no candidate survived filtering"
"T Makaya",Malawi,not_found,0,"no candidate survived filtering"
"Ahmed Aqeel",Malaysia,not_found,0,"no candidate survived filtering"
"Ahmed Faiz",Malaysia,not_found,0,"no candidate survived filtering"
"C Smith",Malaysia,not_found,0,"no candidate survived filtering"
"M Syahadat Ramli",Malaysia,not_found,0,"no search results"
"S Vijay Unni",Malaysia,not_found,0,"no candidate survived filtering"
"Syed Rehmatullah",Malaysia,not_found,0,"no candidate survived filtering"
"Azin Rafeeg",Maldives,not_found,0,"no search results"
"KTK Rodrigo",Maldives,not_found,0,"no candidate survived filtering"
"L Shafeeg",Maldives,not_found,0,"no search results"
"Mohamed Ishmath",Maldives,not_found,0,"no search results"
"Mohamed Miuvaan",Maldives,not_found,0,"no search results"
"Mohamed Shamaz",Maldives,not_found,0,"no search results"
"A Nimaga",Mali,not_found,0,"no search results"
"AD Fofana",Mali,not_found,0,"no search results"
"D Berthe",Mali,not_found,0,"no candidate survived filtering"
"Mohamed Fadiga",Mali,not_found,0,"no search results"
"Y Konate",Mali,not_found,0,"no candidate survived filtering"
"B George",Malta,not_found,0,"no candidate survived filtering"
"B Kalki Kumar",Malta,not_found,0,"no candidate survived filtering"
"Muhammad Ajmal",Malta,not_found,0,"no candidate survived filtering"
"SB Patel",Malta,not_found,0,"no candidate survived filtering"
"VRB Arachchige",Malta,not_found,0,"no candidate survived filtering"
"Washeem Abbas",Malta,not_found,0,"no candidate survived filtering"
"Amir Butt",Mexico,not_found,0,"no candidate survived filtering"
"Bhargav Narasimha",Mexico,not_found,0,"no candidate survived filtering"
"DV Devjani Mutreja",Mexico,not_found,0,"no search results"
"GE Gutierrez Chavez",Mexico,not_found,0,"no search results"
"Harprit Singh",Mexico,not_found,0,"no candidate survived filtering"
"KB Patil",Mexico,not_found,0,"no candidate survived filtering"
"LK Sharma",Mexico,not_found,0,"no candidate survived filtering"
"PK Mohanarangam",Mexico,not_found,0,"no search results"
"Pratik Singh Bais",Mexico,not_found,0,"no search results"
"Praveen Santhanakrishnan",Mexico,not_found,0,"no search results"
"R Poojary",Mexico,not_found,0,"no candidate survived filtering"
"S Elayaperumal",Mexico,not_found,0,"no candidate survived filtering"
"Seetharam Guruvayoorappan",Mexico,not_found,0,"no search results"
"Shoaib Rafiq",Mexico,not_found,0,"no candidate survived filtering"
"Y Jasti",Mexico,not_found,0,"no search results"
"B Namsrai",Mongolia,not_found,0,"no candidate survived filtering"
"D Jamyansuren",Mongolia,not_found,0,"no search results"
"E Munkhbat",Mongolia,not_found,0,"no search results"
"M Altankhuyag",Mongolia,not_found,0,"no search results"
"T Sumiya",Mongolia,not_found,0,"no search results"
"T Tumursukh",Mongolia,not_found,0,"no candidate survived filtering"
"F Damiao Couana",Mozambique,not_found,0,"no search results"
"FFZ Nhaduate",Mozambique,not_found,0,"no search results"
"JJ Huo",Mozambique,not_found,0,"no candidate survived filtering"
"MF Manjate",Mozambique,not_found,0,"no search results"
"N Ndzeute",Mozambique,not_found,0,"no candidate survived filtering"
"Nyeing Cham Soe",Myanmar,not_found,0,"no candidate survived filtering"
"HN Ya France",Namibia,not_found,0,"no candidate survived filtering"
"SPS Shikongo",Namibia,not_found,0,"no candidate survived filtering"
"MB van Schelven",Netherlands,not_found,0,"no candidate survived filtering"
"MJ Ackerman",Netherlands,not_found,0,"no candidate survived filtering"
"MJG Rippon",Netherlands,not_found,0,"no candidate survived filtering"
"RI Ahmed",Netherlands,not_found,0,"no candidate survived filtering"
"C le Roux","New Zealand",not_found,0,"no candidate survived filtering"
"JK Fuller","New Zealand",not_found,0,"no candidate survived filtering"
"K Campbell","New Zealand",not_found,0,"no candidate survived filtering"
"R Hadley","New Zealand",not_found,0,"no candidate survived filtering"
"RR Pawson","New Zealand",not_found,0,"no candidate survived filtering"
"TC Bruce","New Zealand",not_found,0,"no candidate survived filtering"
"W O'Rourke","New Zealand",not_found,0,"no candidate survived filtering"
"AM Oyede",Nigeria,not_found,0,"no candidate survived filtering"
"JO Adedeji",Nigeria,not_found,0,"no candidate survived filtering"
"S Chilemanya",Nigeria,not_found,0,"no candidate survived filtering"
"S Mba",Nigeria,not_found,0,"no candidate survived filtering"
"A Gupta",Norway,not_found,0,"no candidate survived filtering"
"D Abeyrathna",Norway,not_found,0,"no candidate survived filtering"
"M Shahbaz Butt",Norway,not_found,0,"no candidate survived filtering"
"S Waqas Ahmed",Norway,not_found,0,"no candidate survived filtering"
"A Poulose",Oman,not_found,0,"no candidate survived filtering"
"Ayan Khan",Oman,not_found,0,"no candidate survived filtering"
"B Siddharth",Oman,not_found,0,"no candidate survived filtering"
"Aamer Azmat",Pakistan,not_found,0,"no candidate survived filtering"
"Agha Salman",Pakistan,not_found,0,"no candidate survived filtering"
"Ali Shafiq",Pakistan,not_found,0,"no candidate survived filtering"
"Arish Ali",Pakistan,not_found,0,"no candidate survived filtering"
"Ehsan Adil",Pakistan,not_found,0,"no candidate survived filtering"
"Hassan Nawaz",Pakistan,not_found,0,"no candidate survived filtering"
Inzamam-ul-Haq,Pakistan,not_found,0,"no candidate survived filtering"
"K Gaston",Pakistan,not_found,0,"no candidate survived filtering"
"K Goel",Pakistan,not_found,0,"no candidate survived filtering"
"LM Edward",Pakistan,not_found,0,"no candidate survived filtering"
"M Govia",Pakistan,not_found,0,"no candidate survived filtering"
"M Shiraz",Pakistan,not_found,0,"no candidate survived filtering"
"Mohammad Huraira",Pakistan,not_found,0,"no candidate survived filtering"
"Muhammad Faizan",Pakistan,not_found,0,"no candidate survived filtering"
"N Saini",Pakistan,not_found,0,"no candidate survived filtering"
"Nauman Ali",Pakistan,not_found,0,"no candidate survived filtering"
"Nauman Anwar",Pakistan,not_found,0,"no candidate survived filtering"
"PHT Kaushal",Pakistan,not_found,0,"no candidate survived filtering"
"PTM Dabare",Pakistan,not_found,0,"no candidate survived filtering"
"RA Bawa",Pakistan,not_found,0,"no candidate survived filtering"
"S Descarte",Pakistan,not_found,0,"no candidate survived filtering"
"S Lakshan",Pakistan,not_found,0,"no candidate survived filtering"
"Saif Badar",Pakistan,not_found,0,"no candidate survived filtering"
"Shahid Yousuf",Pakistan,not_found,0,"no candidate survived filtering"
"Shahnawaz Dhani",Pakistan,not_found,0,"no candidate survived filtering"
"Shoaib Khan jnr",Pakistan,not_found,0,"no search results"
"Sufiyan Muqeem",Pakistan,not_found,0,"no search results"
"Sunny Singh",Pakistan,not_found,0,"no candidate survived filtering"
"W Sahan",Pakistan,not_found,0,"no candidate survived filtering"
"WA Mota",Pakistan,not_found,0,"no candidate survived filtering"
"Breeze Ahir",Panama,not_found,0,"no candidate survived filtering"
"D Ahir",Panama,not_found,0,"no candidate survived filtering"
"FL Patel",Panama,not_found,0,"no candidate survived filtering"
"HJ Patel",Panama,not_found,0,"no candidate survived filtering"
"IIR Bhana",Panama,not_found,0,"no candidate survived filtering"
"Khandubhai Ahir",Panama,not_found,0,"no candidate survived filtering"
"LR Gaonkar",Panama,not_found,0,"no candidate survived filtering"
"MY Bawa",Panama,not_found,0,"no candidate survived filtering"
"Ronitkumar Ahir",Panama,not_found,0,"no candidate survived filtering"
"Safvan Patel",Panama,not_found,0,"no candidate survived filtering"
"DC Smith",Philippines,not_found,0,"no candidate survived filtering"
"J Alegra",Philippines,not_found,0,"no search results"
"J Hill",Philippines,not_found,0,"no candidate survived filtering"
"J Tuffin",Philippines,not_found,0,"no search results"
"Kulwinderjeet Singh",Philippines,not_found,0,"no candidate survived filtering"
"Muzammil Shahzad",Philippines,not_found,0,"no candidate survived filtering"
"N Tanner",Philippines,not_found,0,"no search results"
"S Mohan",Philippines,not_found,0,"no candidate survived filtering"
"C Nunes",Portugal,not_found,0,"no search results"
"H Khuttan",Portugal,not_found,0,"no search results"
Kuldeep,Portugal,not_found,0,"no candidate survived filtering"
"Mian Mehmood",Portugal,not_found,0,"no candidate survived filtering"
"Sirajullah Khadim",Portugal,not_found,0,"no candidate survived filtering"
"Arif Nasir Uddin",Qatar,not_found,0,"no search results"
"Bipin Kumar",Qatar,not_found,0,"no candidate survived filtering"
"Bukhar Illikkal",Qatar,not_found,0,"no search results"
"Mohammad Abrar",Qatar,not_found,0,"no candidate survived filtering"
"Mohammad Ahnaff",Qatar,not_found,0,"no search results"
"Mohammad Rizlan",Qatar,not_found,0,"no candidate survived filtering"
"Mohammed Aslam",Qatar,not_found,0,"no candidate survived filtering"
"Mohammed Awais",Qatar,not_found,0,"no candidate survived filtering"
"Mohammed Irshad",Qatar,not_found,0,"no candidate survived filtering"
"Muhammad Jabir",Qatar,not_found,0,"no candidate survived filtering"
"P Gopalkrishnan",Qatar,not_found,0,"no search results"
"R Theruvath",Qatar,not_found,0,"no search results"
"Shahzaib Jamil",Qatar,not_found,0,"no candidate survived filtering"
"Shakkir Kassim",Qatar,not_found,0,"no candidate survived filtering"
"Shariq Munir",Qatar,not_found,0,"no candidate survived filtering"
"AN Lascu",Romania,not_found,0,"no search results"
"J Fernando",Romania,not_found,0,"no candidate survived filtering"
"L Gharasim",Romania,not_found,0,"no search results"
"R Kumar",Romania,not_found,0,"no candidate survived filtering"
"Babar Ali",Rwanda,not_found,0,"no candidate survived filtering"
"C Rububagumya",Rwanda,not_found,0,"no search results"
"Muhammad Nadir",Rwanda,not_found,0,"no candidate survived filtering"
"RJ Pierre",Rwanda,not_found,0,"no candidate survived filtering"
"V Mitari",Rwanda,not_found,0,"no candidate survived filtering"
"AJ Michael",Samoa,not_found,0,"no candidate survived filtering"
"DP Michael",Samoa,not_found,0,"no candidate survived filtering"
"MJ Tugaga",Samoa,not_found,0,"no candidate survived filtering"
"SM Nash",Samoa,not_found,0,"no candidate survived filtering"
"T Kaisala",Samoa,not_found,0,"no candidate survived filtering"
"Abdul Salman Khan","Saudi Arabia",not_found,0,"no candidate survived filtering"
"Choudhry Md Imran","Saudi Arabia",not_found,0,"no search results"
"Ghayour Ahmad","Saudi Arabia",not_found,0,"no candidate survived filtering"
"Hisham Sheikh","Saudi Arabia",not_found,0,"no candidate survived filtering"
"Kashif Abbas","Saudi Arabia",not_found,0,"no candidate survived filtering"
"Khalander Mustafa","Saudi Arabia",not_found,0,"no candidate survived filtering"
Shahzaib,"Saudi Arabia",not_found,0,"no candidate survived filtering"
"Umair Sharif","Saudi Arabia",not_found,0,"no candidate survived filtering"
"Zuber Sunasara","Saudi Arabia",not_found,0,"no search results"
"Zuhair Muhammad","Saudi Arabia",not_found,0,"no candidate survived filtering"
"CJO Smith",Scotland,not_found,0,"no candidate survived filtering"
"DR Brown",Scotland,not_found,0,"no candidate survived filtering"
"G Miller",Scotland,not_found,0,"no candidate survived filtering"
"GM Thomson",Scotland,not_found,0,"no candidate survived filtering"
"I Wardlaw",Scotland,not_found,0,"no candidate survived filtering"
"IA Moran",Scotland,not_found,0,"no candidate survived filtering"
"MM Iqbal",Scotland,not_found,0,"no candidate survived filtering"
"MW Machan",Scotland,not_found,0,"no candidate survived filtering"
"NM Carter",Scotland,not_found,0,"no candidate survived filtering"
"RM Haq",Scotland,not_found,0,"no candidate survived filtering"
"RML Taylor",Scotland,not_found,0,"no candidate survived filtering"
"SJS Smith",Scotland,not_found,0,"no candidate survived filtering"
"P Nedeljkovic",Serbia,not_found,0,"no search results"
"S Savkovic",Serbia,not_found,0,"no search results"
"Sachin Ganpat Shinde",Serbia,not_found,0,"no search results"
"N Krishna",Seychelles,not_found,0,"no candidate survived filtering"
"S Rana",Seychelles,not_found,0,"no candidate survived filtering"
"STRA de Silva",Seychelles,not_found,0,"no candidate survived filtering"
"YC Latouche",Seychelles,not_found,0,"no search results"
"B Williams","Sierra Leone",not_found,0,"no candidate survived filtering"
"S Williams","Sierra Leone",not_found,0,"no candidate survived filtering"
"A Chaudhary",Singapore,not_found,0,"no candidate survived filtering"
"A Krishna",Singapore,not_found,0,"no candidate survived filtering"
"H Bharadwaj",Singapore,not_found,0,"no candidate survived filtering"
"IP Swaney",Singapore,not_found,0,"no search results"
"R Rohan",Singapore,not_found,0,"no candidate survived filtering"
"R Sharma",Singapore,not_found,0,"no candidate survived filtering"
"R Sheshadri",Singapore,not_found,0,"no search results"
"S Banamali",Singapore,not_found,0,"no search results"
"S Vijayakumar",Singapore,not_found,0,"no candidate survived filtering"
"SA Pradhan",Singapore,not_found,0,"no candidate survived filtering"
"TO Thilappan",Singapore,not_found,0,"no search results"
"U Aryaman Sunil",Singapore,not_found,0,"no candidate survived filtering"
"Dayal Joy",Slovenia,not_found,0,"no candidate survived filtering"
"KK Sharma",Slovenia,not_found,0,"no candidate survived filtering"
"MH Oman",Slovenia,not_found,0,"no candidate survived filtering"
"Muhammad Siddiqui",Slovenia,not_found,0,"no candidate survived filtering"
"Taher Muhammad",Slovenia,not_found,0,"no candidate survived filtering"
"AQM Yako","South Africa",not_found,0,"no candidate survived filtering"
"CS Sandri","South Africa",not_found,0,"no candidate survived filtering"
"D Wiese","South Africa",not_found,0,"no candidate survived filtering"
"HH Dippenaar","South Africa",not_found,0,"no candidate survived filtering"
"J Seymour","South Africa",not_found,0,"no candidate survived filtering"
"J Theron","South Africa",not_found,0,"no candidate survived filtering"
"JT Smuts","South Africa",not_found,0,"no candidate survived filtering"
"M Joseph","South Africa",not_found,0,"no candidate survived filtering"
"RA Herman","South Africa",not_found,0,"no candidate survived filtering"
"RE van der Merwe","South Africa",not_found,0,"no candidate survived filtering"
"YA Abdulla","South Africa",not_found,0,"no candidate survived filtering"
"Z Motara","South Africa",not_found,0,"no candidate survived filtering"
"Z Pongolo","South Africa",not_found,0,"no candidate survived filtering"
"Hwanhee Lee","South Korea",not_found,0,"no candidate survived filtering"
"Mudassir Iqbal","South Korea",not_found,0,"no candidate survived filtering"
"A Davidson Soler",Spain,not_found,0,"no candidate survived filtering"
"Amir Hamza",Spain,not_found,0,"no candidate survived filtering"
"D Doyle-Calle",Spain,not_found,0,"no search results"
"D Long Martinez",Spain,not_found,0,"no candidate survived filtering"
"F O'Neill",Spain,not_found,0,"no candidate survived filtering"
"Farzan Afzal",Spain,not_found,0,"no candidate survived filtering"
"J Trembeath-Moro",Spain,not_found,0,"no search results"
"Muhammad Babar",Spain,not_found,0,"no candidate survived filtering"
"Muhammad Yasin",Spain,not_found,0,"no candidate survived filtering"
"Raja Adeel",Spain,not_found,0,"no candidate survived filtering"
"SJ Hughes-Pinan",Spain,not_found,0,"no candidate survived filtering"
"DS Thilakaratne","Sri Lanka",not_found,0,"no search results"
"I Wijesundera","Sri Lanka",not_found,0,"no candidate survived filtering"
"LU Igalagamage","Sri Lanka",not_found,0,"no search results"
"M Muralitharan","Sri Lanka",not_found,0,"no candidate survived filtering"
"MA Aponso","Sri Lanka",not_found,0,"no candidate survived filtering"
"PM Liyanagamage","Sri Lanka",not_found,0,"no search results"
"CR Richards","St Helena",not_found,0,"no candidate survived filtering"
"J Henry","St Helena",not_found,0,"no candidate survived filtering"
"AAH Bhikari",Suriname,not_found,0,"no search results"
"G Singh",Suriname,not_found,0,"no candidate survived filtering"
"RJ Ramjiawan",Suriname,not_found,0,"no search results"
"C Forbes",Swaziland,not_found,0,"no candidate survived filtering"
"J Ghadiyali",Swaziland,not_found,0,"no candidate survived filtering"
"J Hansrod",Swaziland,not_found,0,"no candidate survived filtering"
"JF Chester",Swaziland,not_found,0,"no candidate survived filtering"
"JJ Wright",Swaziland,not_found,0,"no candidate survived filtering"
"L Zulu",Swaziland,not_found,0,"no candidate survived filtering"
"M Jele",Swaziland,not_found,0,"no candidate survived filtering"
"M Magagula",Swaziland,not_found,0,"no candidate survived filtering"
"Muhammad Amin",Swaziland,not_found,0,"no candidate survived filtering"
"N Magagula",Swaziland,not_found,0,"no candidate survived filtering"
"Naeem Gull",Swaziland,not_found,0,"no candidate survived filtering"
"S Kubheka",Swaziland,not_found,0,"no candidate survived filtering"
"Shehzad Patel",Swaziland,not_found,0,"no candidate survived filtering"
"Umair Qasim",Swaziland,not_found,0,"no candidate survived filtering"
"Abdur Rahman Sudais",Sweden,not_found,0,"no search results"
"Baz Aybui",Sweden,not_found,0,"no search results"
"Hassan Mehmood",Sweden,not_found,0,"no candidate survived filtering"
"Samiallah Khalil",Sweden,not_found,0,"no candidate survived filtering"
"Samiullah Rahmani",Sweden,not_found,0,"no candidate survived filtering"
"Umar Nawaz",Sweden,not_found,0,"no candidate survived filtering"
"Khalid Niazi",Switzerland,not_found,0,"no candidate survived filtering"
"M Martin",Switzerland,not_found,0,"no candidate survived filtering"
"NK Aneesh Kumar",Switzerland,not_found,0,"no candidate survived filtering"
"Numan Ahmadzai",Switzerland,not_found,0,"no candidate survived filtering"
"Qateel Zabiullah",Switzerland,not_found,0,"no candidate survived filtering"
"Sheraz Sirwari",Switzerland,not_found,0,"no candidate survived filtering"
"J Masquater",Tanzania,not_found,0,"no search results"
"LS Barkania",Tanzania,not_found,0,"no search results"
"M Yunusu Issa",Tanzania,not_found,0,"no search results"
"MS Maker",Tanzania,not_found,0,"no candidate survived filtering"
"Sefu Athumani",Tanzania,not_found,0,"no candidate survived filtering"
"Shaik Basha",Tanzania,not_found,0,"no candidate survived filtering"
"ZR Jaboneke",Tanzania,not_found,0,"no search results"
"AP Yadav",Thailand,not_found,0,"no candidate survived filtering"
"AV Lazarus",Thailand,not_found,0,"no candidate survived filtering"
"MK Thakur",Thailand,not_found,0,"no candidate survived filtering"
"D Mutu",Turkey,not_found,0,"no candidate survived filtering"
"R Nath",Turkey,not_found,0,"no candidate survived filtering"
"E Henry","Turks and Caicos Island",not_found,0,"no candidate survived filtering"
"K Jack","Turks and Caicos Island",not_found,0,"no candidate survived filtering"
"M Smith","Turks and Caicos Island",not_found,0,"no candidate survived filtering"
"R Johnson","Turks and Caicos Island",not_found,0,"no candidate survived filtering"
"Bilal Hassun",Uganda,not_found,0,"no search results"
"J Miyaji",Uganda,not_found,0,"no candidate survived filtering"
"AR Berenger","United Arab Emirates",not_found,0,"no candidate survived filtering"
"Amjad Gul","United Arab Emirates",not_found,0,"no candidate survived filtering"
"EHSN Silva","United Arab Emirates",not_found,0,"no candidate survived filtering"
"Ghulam Shabber","United Arab Emirates",not_found,0,"no candidate survived filtering"
"J Figy John","United Arab Emirates",not_found,0,"no search results"
"KP Meiyappan","United Arab Emirates",not_found,0,"no candidate survived filtering"
"Mohammad Ayaz","United Arab Emirates",not_found,0,"no candidate survived filtering"
"SS Kang","United Arab Emirates",not_found,0,"no candidate survived filtering"
"Shoaib Khan","United Arab Emirates",not_found,0,"no candidate survived filtering"
"Waseem Muhammad","United Arab Emirates",not_found,0,"no candidate survived filtering"
"Zuhaib Zubair","United Arab Emirates",not_found,0,"no candidate survived filtering"
"TP Allen","United States",not_found,0,"no candidate survived filtering"
"VM Vaghela","United States",not_found,0,"no candidate survived filtering"
"B Akhilesh Reddy","United States of America",not_found,0,"no candidate survived filtering"
"KRP Silva","United States of America",not_found,0,"no candidate survived filtering"
"RM Scott","United States of America",not_found,0,"no candidate survived filtering"
"TK Patel","United States of America",not_found,0,"no candidate survived filtering"
"JF Jeremiah",Vanuatu,not_found,0,"no candidate survived filtering"
"K Tari",Vanuatu,not_found,0,"no candidate survived filtering"
"R Tari",Vanuatu,not_found,0,"no candidate survived filtering"
"TL Cutler",Vanuatu,not_found,0,"no candidate survived filtering"
"D Matthews","West Indies",not_found,0,"no candidate survived filtering"
"I Ganness","West Indies",not_found,0,"no candidate survived filtering"
"JM James","West Indies",not_found,0,"no candidate survived filtering"
"JPR Scantlebury-Searles","West Indies",not_found,0,"no search results"
"K Mungroo","West Indies",not_found,0,"no candidate survived filtering"
"M Matthew","West Indies",not_found,0,"no candidate survived filtering"
"O Thomas","West Indies",not_found,0,"no candidate survived filtering"
"RS Morton","West Indies",not_found,0,"no candidate survived filtering"
"Aslam Bera",Zambia,not_found,0,"no candidate survived filtering"
"Ayaz Dadabhai",Zambia,not_found,0,"no candidate survived filtering"
"Benson Chama",Zambia,not_found,0,"no candidate survived filtering"
"JV Chand",Zambia,not_found,0,"no candidate survived filtering"
"Jakir Patel",Zambia,not_found,0,"no candidate survived filtering"
"Mohmedazim Abbasbhai",Zambia,not_found,0,"no search results"
"Salman Patel",Zambia,not_found,0,"no candidate survived filtering"
"Shahnawaz Patel",Zambia,not_found,0,"no candidate survived filtering"
"D Jakiel",Zimbabwe,not_found,0,"no candidate survived filtering"
"M Faraz Akram",Zimbabwe,not_found,0,"no candidate survived filtering"
