player_id,cricsheet_key,full_name,old_fuzzy_id,register_id,old_status
25,BKG Mendis,B N R Mendis,49732,629074,matched
226,Sultan Ahmed,Sultan Ahmed,873769,42876,matched
252,Mohammad Shahzad,Mohammad Shahzad Mohammadi,419873,738445,matched
271,MDKJ Perera,Mahamalage Sampath Madhushankha Perera,49909,300631,matched
331,PC de Silva,Warshamannadi Pradeep Nandana de Silva,422970,345825,matched
338,N Pradeep,N Pradeep,50043,324358,matched
347,BMAJ Mendis,B N R Mendis,49732,49700,matched
405,B Mavuta,Brandon Mavuta,1360532,806239,matched
434,CBRLS Kumara,Chandane Kumara Suriyaarachchi,50716,784375,matched
469,Sandeep Goud,Sandeep Goud,1287099,1174024,matched
524,Rakibul Hasan,Rakibul Hasan,1012131,671889,matched
537,PWH de Silva,Warshamannadi Pradeep Nandana de Silva,422970,784379,matched
539,BOP Fernando,Binura Fernando,629080,366725,matched
588,RR Patel,Rushabhvardhan Nipun Patel,473378,267455,matched
717,Ahmed Hassan,Ahmed Hassan,1209330,387120,matched
806,MO Jones,OW Jones,331695,257574,matched
812,RA Thomas,Andrew Thomas,1223295,1159654,matched
941,Zulqarnain Haider,Zulqarnain Haider,43860,1046641,matched
1191,CV Varun,Trichunapalli Pradeep Varun,35753,1108375,matched
1333,Aftab Ahmed,Aftab Ahmed Chowdhury,56266,303415,matched
1349,Junaid Khan,Junaid Khan,1496497,1274040,matched
1424,A Nanda,AKaveesh Wenura bhishek Ananda Kumara,1301854,1198917,matched
1704,KB Ahir,Ketan Bhai Ahir,1454631,1182031,matched
1759,B Yadav,Bishal Yadav,1381757,1185233,matched
1887,E Solomon,Emanuel Solomon,1046743,467809,matched
2010,A Shukla,Arpit Shukla,1445602,1167779,matched
2038,D Madushanka,Dananja Madushanka,1088568,793007,matched
2177,P Fernando,Priyantha Fernando,1452981,1343366,matched
2344,AM Patel,Mitulkumar Patel,1159867,1360656,matched
2345,RDB Ahir,Bharat Ahir,345276,1360653,matched
2347,VC Ahir,Vishal Ahir,1182279,1360704,matched
2629,JKC Ahir,Ketan Bhai Ahir,1454631,1399355,matched
2750,J Campbell,John Dillon Campbell,348026,1120613,matched
2824,SB Wagh,Shrikant Bhaskar Wagh,279552,1428735,matched
3262,Muhammad Asim,Muhammad Asim,1514025,1464831,matched
3355,AS Nadkarni,Sushilkumar Suhas Nadkarni,31807,1415048,matched
3689,A Awasthi,Akansha Awasthi,1438311,1500607,matched
3713,GO Jones,G Jones,515230,15501,matched
3769,SI Mahmood,Saqib Mahmood,643885,17944,matched
3785,AJ Hall,J Hall,939227,45396,matched
3817,JAH Marshall,Hamish John Hamilton Marshall,37696,37698,matched
3823,HMCM Bandara,H M Chamika Madushani Bandara,318611,48284,matched
3833,DS Smith,Dwayne Romel Smith,53118,52962,matched
4064,MM Patel,Monica Chhelaram Patel,1213438,32965,matched
4074,Mohammad Salman,Mohammad Salman,1457744,41481,matched
4102,Hammad Azam,Hammad Azam,734623,384518,matched
4119,MR Swart,MW Swart,886587,308794,matched
4126,MA Parker,Mollie Anne Parker,1469052,298197,matched
4169,KOA Powell,Kirk Howard Antonio Powell,52717,252932,matched
4199,PJ Hughes,PF Hughes,270072,272364,matched
4205,Mukhtar Ahmed,Mukhtar Ahmed,41527,556916,matched
4214,A Karn,Abhinash Karn,1185477,524093,matched
4279,NB Singh,Navdeep Singh,31805,853259,matched
4280,AD Nath,Daivik Vishwanath,917051,500360,matched
4303,GC Viljoen,Corne Viljoen,1070990,375126,matched
4330,RV Patel,Rudra Mayur Patel,1408682,1201520,matched
4369,Harpreet Singh,Harpreet Singh,29278,340854,matched
4434,M Rawat,Mayank Ram Rawat,1079847,33440,matched
4439,PR Shah,PT Shah,34987,34282,matched
4456,DB Das,Bipul Das,28359,328163,matched
4470,H Das,Himadri Shekhar Das,28167,236810,matched
4473,VS Malik,Vishvas Malik,1287063,31738,matched
4610,Saad Ali,Saad Ali,448249,547085,matched
4614,Mohammad Mohsin,Mohammad Mohsin,735149,935881,matched
4870,DLR Smith,Dwayne Romel Smith,53118,7644,matched
4876,AW O'Brien,Alex O'Brien,581309,7025,matched
4900,DJ Pattinson,James Lee Pattinson,272465,270253,matched
4905,JD Smith,D Smith,453114,262161,matched
4933,DYA Davis,Dorrett Davis,55118,348031,matched
4943,T Webster,Troy Anthony Webster,8398,1091078,matched
4958,RA Lewis,Rawl Nicholas Lewis,52343,670037,matched
4989,TJ Bishop,Tim Bishop,502795,1275935,matched
