id,name,city,country,total_matches,avg_first_inn_runs,avg_second_inn_runs,bat_factor,bowl_factor,pace_index,spin_index,boundary_rate
298,AMI Stadium,Christchurch,,,,,,,,,
232,"Achimota Senior Secondary School A Field, Accra",Accra,,8,154.25,109.125,0.9982311540533793,1.001771980306804,0.8846153846153846,0.11538461538461542,0.11395713538944068
233,"Achimota Senior Secondary School B Field, Accra",Accra,,6,132.83333333333334,94.5,0.966728787989503,1.0344162834745936,0.8505747126436781,0.14942528735632188,0.11094452773613193
3,Adelaide Oval,,,92,167.72826086956522,148.7826086956522,1.0662460803248401,0.937869801777224,0.9261565836298933,0.07384341637010672,0.15609981515711646
68,Al Amerat Cricket Ground Oman Cricket (Ministry Turf 1),Al Amarat,,108,149.38888888888889,133.89814814814815,0.9683506401053626,1.0326837806305302,0.8876967095851216,0.11230329041487841,0.13903381257716357
97,Al Amerat Cricket Ground Oman Cricket (Ministry Turf 2),Al Amarat,,29,149.31034482758622,124.24137931034483,0.9775004980887063,1.0230173815310444,0.8951612903225806,0.10483870967741937,0.13905645784996132
211,"Amini Park, Port Moresby",Port Moresby,,17,129.11764705882354,92.47058823529412,0.9227580430181062,1.0837077038410363,0.8663366336633663,0.13366336633663367,0.0931940129906806
229,"Arnos Vale Ground, Kingstown, St Vincent",Kingstown,,8,141.5,120.75,0.9747607854502174,1.0258927266325402,0.8515625,0.1484375,0.13059125964010282
321,"Arun Jaitley Stadium, Delhi",Delhi,,104,172.0,157.16504854368932,1.0907228573730317,0.916823181287743,0.867862969004894,0.132137030995106,0.1766302146618064
341,Aurora Stadium,Launceston,,8,143.125,113.375,0.9777521069388557,1.022754124387211,0.9263157894736842,0.0736842105263158,0.12409638554216867
274,"Ballpark Ground, Graz",Graz,,,,,,,,,
42,Barabati Stadium,Cuttack,,11,160.8181818181818,137.27272727272728,1.0128191959683166,0.9873430558787339,0.8814814814814815,0.11851851851851847,0.15521924718665114
189,"Barsapara Cricket Stadium, Guwahati",Guwahati,,8,181.25,172.0,1.0479331110953694,0.9542593791647003,0.8901098901098901,0.10989010989010994,0.19001528273051452
7,Bay Oval,Mount Maunganui,,18,157.05555555555554,148.5,1.005629643228041,0.9944018722340265,0.896551724137931,0.10344827586206895,0.16917399943230202
127,Bayer Uerdingen Cricket Ground,Krefeld,,35,141.4,112.68571428571428,0.9433753864665521,1.0600234162834559,0.8402366863905325,0.1597633136094675,0.12577239958805356
212,"Bayuemas Oval, Kuala Lumpur",Kuala Lumpur,,64,122.390625,94.49180327868852,0.8388906540055895,1.1920504719240048,0.8926014319809069,0.10739856801909309,0.09690844233055886
202,"Belgrano Athletic Club Ground, Buenos Aires",Buenos Aires,,10,151.4,113.0,0.9918156424265493,1.008251894024808,0.8709677419354839,0.12903225806451613,0.12742268041237115
20,Bellerive Oval,Hobart,,82,164.5731707317073,150.0493827160494,1.0484922607065335,0.953750482932648,0.9255213505461768,0.07447864945382321,0.156944079810974
89,Bermuda National Stadium,Hamilton,,,,,,,,,
145,"Bharat Ratna Shri Atal Bihari Vajpayee Ekana Cricket Stadium, Lucknow",Lucknow,,25,174.04,160.33333333333334,1.0673960928509831,0.9368593408741358,0.9047619047619048,0.09523809523809523,0.16641604010025063
286,"Bir Sreshtho Flight Lieutenant Matiur Rahman Stadium, Chattogram",Chattogram,,6,155.5,145.16666666666666,1.0004298300863508,0.9995703545881736,0.8902439024390244,0.1097560975609756,0.14786264891380518
362,"Boland Park, Paarl",Paarl,,12,164.58333333333334,153.0,1.0226444190425414,0.9778569964096196,0.8778625954198473,0.12213740458015265,0.1425561797752809
282,"Botkyrka Cricket Center, Stockholm",Stockholm,,6,145.33333333333334,139.66666666666666,0.9853139214987942,1.0149049741212084,0.9367088607594937,0.06329113924050633,0.13940648723257418
330,"Brabourne Stadium, Mumbai",Mumbai,,28,178.07142857142858,166.14285714285714,1.0859173243362403,0.9208804184160551,0.8997050147492626,0.10029498525073743,0.18459946792787466
129,"Bready Cricket Club, Magheramason",Bready,,8,171.25,145.375,1.0295249788575953,0.9713217459858454,0.875,0.125,0.17452574525745257
356,"Brian Lara Stadium, Tarouba",Trinidad,,57,146.0701754385965,135.92857142857142,0.9564043916116549,1.0455828191199346,0.9202279202279202,0.07977207977207978,0.14358617490141498
56,"Brisbane Cricket Ground, Woolloongabba",Brisbane,,75,165.49333333333334,152.3783783783784,1.0523011375509277,0.9502983170077619,0.9077412513255567,0.09225874867444328,0.1524365801981332
54,Buffalo Park,East London,,6,157.33333333333334,138.0,1.0031556496677136,0.9968542771316107,0.9102564102564102,0.08974358974358976,0.14225648213034336
176,Bulawayo Athletic Club,Bulawayo,,9,145.33333333333334,131.33333333333334,0.9802497564983782,1.0201481748612446,0.8898305084745762,0.11016949152542377,0.13407015857760693
55,Carrara Oval,,,21,155.8095238095238,141.42857142857142,1.001975439968265,0.9980284547011177,0.9401408450704225,0.059859154929577496,0.14609571788413098
128,"Castle Avenue, Dublin",Dublin,,5,164.4,165.2,1.011840785792304,0.9882977777150658,0.9107142857142857,0.0892857142857143,0.18113522537562604
267,"Cazaly's Stadium, Cairns",Cairns,,,,,,,,,
16,Central Broward Regional Park Stadium Turf Ground,Lauderhill,,23,161.17391304347825,134.7826086956522,1.0205495621372087,0.9798642193386725,0.8709677419354839,0.12903225806451613,0.1402831402831403
160,"Central Broward Regional Park Stadium Turf Ground, Lauderhill",Lauderhill,,10,166.6,147.1,1.0244593969282019,0.9761245814118721,0.9343065693430657,0.06569343065693434,0.1469019286007386
295,"Civil Service Cricket Club, Stormont, Belfast",Belfast,,12,135.16666666666666,113.25,0.9515717709807606,1.0508928811216474,0.8848484848484849,0.11515151515151512,0.1153705732018985
269,"Clayton Panama, Panama City",Panama City,,7,117.42857142857143,84.14285714285714,0.9368896164743556,1.067361599932271,0.8850574712643678,0.11494252873563215,0.09595613433858807
76,College Field,St Peter Port,,6,130.16666666666666,110.83333333333333,0.9627639595075209,1.0386761886179519,0.8518518518518519,0.14814814814814814,0.12795125666412796
115,"Coolidge Cricket Ground, Antigua",Coolidge,,11,156.1818181818182,105.0,1.002219674663663,0.9977852413799322,0.8428571428571429,0.15714285714285714,0.1329639889196676
10,County Ground,Taunton,,8,184.375,172.125,1.0536856524196736,0.9490496503426895,0.9038461538461539,0.09615384615384615,0.19069529652351738
122,"Daren Sammy National Cricket Stadium, Gros Islet, St Lucia",Gros Islet,,72,159.97222222222223,151.13235294117646,1.0240076466319414,0.9765552076579652,0.8929845422116528,0.1070154577883472,0.15844267849442495
304,De Beers Diamond Oval,Kimberley,,,,,,,,,
138,"Desert Springs Cricket Ground, Almeria",Almeria,,29,123.75862068965517,113.65517241379311,0.8800688838873449,1.1362746920251383,0.8310991957104558,0.16890080428954424,0.08931926578985402
331,"Dr DY Patil Sports Academy, Mumbai",Mumbai,,37,159.64864864864865,148.0,1.0185595262278246,0.9817786533335378,0.9106382978723404,0.08936170212765959,0.1539671836367723
64,Dr. Y.S. Rajasekhara Reddy ACA-VDCA Cricket Stadium,Visakhapatnam,,21,165.57142857142858,141.14285714285714,1.03418967138437,0.9669406180216407,0.9007352941176471,0.09926470588235292,0.16258351893095768
237,Dreux Sport Cricket Club,Dreux,,7,143.42857142857142,124.57142857142857,0.9803191729019928,1.0200759381658802,0.8715596330275229,0.12844036697247707,0.12755716004813478
17,Dubai International Cricket Stadium,,,199,150.8643216080402,136.89447236180905,0.9745531101135098,1.0261113423397996,0.8958003169572107,0.10419968304278926,0.1377841211682253
58,Eden Gardens,Kolkata,,111,167.12612612612614,151.72972972972974,1.065047644275049,0.9389251320119814,0.8869093725793958,0.11309062742060416,0.1778657645882986
8,Eden Park,Auckland,,32,167.96875,153.0,1.0505826686983168,0.9518527478080433,0.9389671361502347,0.06103286384976525,0.18039492242595204
34,Edgbaston,Birmingham,,8,175.375,145.5,1.0371183334056768,0.9642101270317069,0.8790322580645161,0.12096774193548387,0.17583015786608602
137,Entebbe Cricket Oval,Entebbe,,19,133.78947368421052,109.36842105263158,0.9327619295371178,1.0720849214935788,0.8740157480314961,0.12598425196850394,0.10488704472106962
281,Estonian National Cricket and Rugby Field,Tallinn,,5,156.0,130.8,1.001016804036493,0.9989842288037595,0.9125,0.08750000000000002,0.1315345699831366
206,Europa Sports Complex,Gibraltar,,17,140.7058823529412,126.82352941176471,0.957061846201742,1.044864554959186,0.8528138528138528,0.1471861471861472,0.12375859434682965
247,"Faleata Oval No 2, Apia",Apia,,12,147.91666666666666,128.91666666666666,0.9823766297724107,1.017939525120495,0.89171974522293,0.10828025477707004,0.13540912382331644
220,"GB Oval, Szodliget",Szodliget,,13,167.76923076923077,121.83333333333333,1.0318741740516617,0.969110406236346,0.9425287356321839,0.05747126436781613,0.15051110327811068
161,"GMHBA Stadium, South Geelong",Geelong,,20,141.95,133.57894736842104,0.9572810149516051,1.044625334025406,0.932806324110672,0.06719367588932801,0.1268773817529702
159,"Gaddafi Stadium, Lahore",Lahore,,93,173.13978494623655,153.46153846153845,1.0950682376320648,0.9131851017452237,0.9037037037037037,0.09629629629629632,0.17244062056656445
199,"Gahanga International Cricket Stadium, Rwanda",Kigali City,,115,132.8608695652174,105.52678571428571,0.8773351730469077,1.1398152390574838,0.873144399460189,0.12685560053981104,0.1274751458384685
344,Geelong Cricket Ground,Geelong,,,,,,,,,
257,Gelephu International Cricket Ground,Gelephu,,18,138.77777777777777,94.22222222222223,0.9498481583022598,1.0527998514914012,0.8594377510040161,0.1405622489959839,0.10420128174697366
210,"Goldenacre, Edinburgh",Edinburgh,,8,153.0,104.375,0.9959301375236574,1.0040864939447078,0.9444444444444444,0.05555555555555558,0.1393348623853211
275,"Grainville, St Saviour",St Saviour,,,,,,,,,
227,"Grand Prairie Stadium, Dallas",Dallas,,7,153.28571428571428,152.0,0.9967842245146686,1.0032261500596051,0.9,0.09999999999999998,0.13693901035673187
134,"Grange Cricket Club Ground, Raeburn Place, Edinburgh",Edinburgh,,24,168.5,134.79166666666666,1.0467015993033049,0.9553821267356523,0.9090909090909091,0.09090909090909094,0.16265169353378012
13,Green Park,Kanpur,,5,158.4,160.2,1.004109370252439,0.9959074475608112,0.8813559322033898,0.11864406779661019,0.18588640275387264
38,Greenfield International Stadium,Thiruvananthapuram,,,,,,,,,
131,Gucherre Cricket Ground,Albergaria,,,,,,,,,
243,"Guernsey Rovers Athletic Club Ground, Port Soif",Port  Soif,,13,128.0,116.23076923076923,0.9309362489478672,1.0741874120061259,0.8602150537634409,0.13978494623655913,0.10828025477707007
294,Gymkhana Club Ground,Nairobi,,,,,,,,,
251,"Gymkhana Club Ground, Dar-es-Salaam",Dar-es-Salaam,,7,81.42857142857143,50.285714285714285,0.8767563844976269,1.1405676852561393,0.9207920792079208,0.07920792079207917,0.06555944055944056
191,"Gymkhana Club Ground, Nairobi",Nairobi,,27,131.07407407407408,98.70370370370371,0.9106645318365714,1.0980992067224387,0.8657534246575342,0.13424657534246576,0.11154366960054164
180,"Hagley Oval, Christchurch",Christchurch,,14,159.57142857142858,144.0,1.0115681940210455,0.9885640987039528,0.967948717948718,0.03205128205128205,0.14887551472917326
152,Happy Valley Ground,Episkopi,,14,146.21428571428572,133.5,0.9761325394633303,1.024451044885556,0.8829787234042553,0.11702127659574468,0.12265861027190332
287,Happy Valley Ground 2,Episkopi,,7,144.57142857142858,120.85714285714286,0.9822281643933177,1.0180933883296446,0.8617021276595744,0.13829787234042556,0.10011641443538999
5,Harare Sports Club,,,66,158.56060606060606,136.5625,1.0165626320221743,0.9837072193090283,0.9152334152334153,0.08476658476658472,0.13982554354901705
51,Hazelaarweg,Rotterdam,,5,160.4,146.4,1.0066865087657273,0.9933579036696086,0.85,0.15000000000000002,0.1360708534621578
106,"Headingley, Leeds",Leeds,,,,,,,,,
320,Himachal Pradesh Cricket Association Stadium,Dharmasala,,25,166.96,148.8695652173913,1.0420542308036476,0.9596429537345531,0.9071428571428571,0.09285714285714286,0.18822234452394057
43,Holkar Cricket Stadium,Indore,,12,172.66666666666666,160.25,1.0421742968385548,0.9595323959087353,0.9083969465648855,0.09160305343511455,0.19783501306457635
203,"Hurlingham Club Ground, Buenos Aires",Buenos Aires,,15,122.33333333333333,96.26666666666667,0.9092177979917256,1.099846485857177,0.8277310924369747,0.17226890756302526,0.08388394139615053
91,ICC Academy Ground No 2,Dubai,,5,155.8,135.4,1.000759090185164,0.9992414855956756,0.8970588235294118,0.1029411764705882,0.14517506404782238
153,"ICC Academy, Dubai",Dubai,,41,144.46341463414635,127.58536585365853,0.953458664516681,1.0488131653897248,0.912962962962963,0.08703703703703702,0.12518471606502005
312,ICC Global Cricket Academy,Dubai,,,,,,,,,
193,"Independence Park, Port Vila",Port Vila,,10,143.1,135.8,0.9739904343763048,1.0267041284038385,0.8601398601398601,0.1398601398601399,0.12875900042354935
84,Indian Association Ground,Singapore,,14,150.64285714285714,136.92857142857142,0.9878812591562626,1.0122674063622665,0.8594594594594595,0.14054054054054055,0.16053299492385786
175,"Indian Association Ground, Singapore",Singapore,,5,161.4,154.6,1.0079750780223715,0.9920880206304123,0.890625,0.109375,0.1396551724137931
154,Integrated Polytechnic Regional Centre,Kigali City,,34,125.61764705882354,84.0625,0.8799517865858625,1.136425898832383,0.8842364532019704,0.11576354679802958,0.11986247851226754
346,International Sports Stadium,Coffs Harbour,,,,,,,,,
351,"International Sports Stadium, Coffs Harbour",Coffs Harbour,,,,,,,,,
276,"Ishoj Cricket Club, Vejledalen",Ishoj,,5,155.2,110.8,0.9999859486311775,1.0000140515662663,0.8809523809523809,0.11904761904761907,0.10743801652892562
32,JSCA International Stadium Complex,Ranchi,,11,153.27272727272728,136.27272727272728,0.9955689946293703,1.0044507265639377,0.8604651162790697,0.13953488372093026,0.14336075205640422
293,Jade Stadium,Christchurch,,,,,,,,,
270,"Jimmy Powell Oval, Cayman Islands",George Town,,13,133.46153846153845,100.38461538461539,0.9447981303451001,1.0584271580160056,0.9121621621621622,0.08783783783783783,0.10320284697508897
260,Jinja Cricket Ground,Jinja,,,,,,,,,
183,"John Davies Oval, Queenstown",Queenstown,,,,,,,,,
350,"Junction Oval, Melbourne",Melbourne,,,,,,,,,
290,"Kennington Oval, London",London,,17,151.2941176470588,134.75,0.9884054227147087,1.0117305885002597,0.8719211822660099,0.1280788177339901,0.15919977458438997
25,"Kensington Oval, Bridgetown",Barbados,,75,155.97333333333333,140.06944444444446,1.0038780612749305,0.9961369199860735,0.8921775898520085,0.10782241014799154,0.14830805134189032
133,Kerava National Cricket Ground,Kerava,,30,138.03333333333333,110.16666666666667,0.933596529176357,1.0711265185210423,0.8530927835051546,0.1469072164948454,0.10884150887132846
325,Khan Shaheb Osman Ali Stadium,Fatullah,,,,,,,,,
75,King George V Sports Ground,Castel,,9,125.44444444444444,106.625,0.9404818432329801,1.0632847483396612,0.8538461538461538,0.1461538461538462,0.08121827411167512
242,"King George V Sports Ground, Castel",Castel,,16,153.375,119.4,0.9947429105284485,1.0052848725192307,0.8932584269662921,0.1067415730337079,0.13917525773195877
77,Kingsmead,Durban,,29,152.20689655172413,138.6206896551724,0.9885453774313706,1.0115873513043914,0.8727272727272727,0.12727272727272732,0.1453822359699514
208,"Kingsmead, Durban",Durban,,12,162.91666666666666,147.8181818181818,1.0186176401155285,0.9817226411733683,0.934640522875817,0.065359477124183,0.1802827965435978
79,Kinrara Academy Oval,Kuala Lumpur,,17,148.2941176470588,135.625,0.9795247427027013,1.0209032568598557,0.8551401869158879,0.1448598130841121,0.13554526748971193
277,Koge Cricket Club,Koge,,,,,,,,,
73,Kyambogo Cricket Oval,Kampala,,6,115.5,96.5,0.9409574028566192,1.0627473645078251,0.821917808219178,0.17808219178082196,0.1125506072874494
92,La Manga Club Bottom Ground,Murcia,,10,101.1,94.66666666666667,0.8837905864112119,1.1314897616874118,0.8666666666666667,0.1333333333333333,0.08893594494441504
235,La Manga Club Top Ground,Murcia,,7,153.0,98.14285714285714,0.9963069766418374,1.0037067123333918,0.8705882352941177,0.12941176470588234,0.11984021304926765
353,"Lavington Sports Oval, Albury",Albury,,,,,,,,,
184,Lisicji Jarak Cricket Ground,Belgrade,,5,187.4,165.0,1.0414778786951204,0.9601740185330787,0.8421052631578947,0.1578947368421053,0.1781789638932496
50,Lord's,London,,10,157.6,135.66666666666666,1.0051308580785392,0.9948953332421336,0.8290598290598291,0.1709401709401709,0.12882096069868995
236,Los Reyes Polo Club,Guacima,,,,,,,,,
74,Lugogo Cricket Oval,Kampala,,,,,,,,,
15,M Chinnaswamy Stadium,Bangalore,,108,170.33333333333334,154.96226415094338,1.0822078142666576,0.924036942643623,0.8853754940711462,0.11462450592885376,0.18076984892317582
60,"MA Chidambaram Stadium, Chepauk",Chennai,,94,164.09574468085106,150.77659574468086,1.047200911567393,0.954926594270487,0.8797190517998245,0.12028094820017554,0.1506448087431694
332,"Maharaja Yadavindra Singh International Cricket Stadium, Mullanpur",Mohali,,12,172.58333333333334,160.33333333333334,1.0419729578922041,0.9597178049830479,0.9112426035502958,0.08875739644970415,0.17780938833570412
93,"Maharashtra Cricket Association Stadium, Pune",Pune,,56,162.98214285714286,144.71428571428572,1.036892868775755,0.9644197873408908,0.8670520231213873,0.1329479768786127,0.15134370579915135
359,"Mahinda Rajapaksa International Cricket Stadium, Sooriyawewa, Hambantota",Hambantota,,39,158.53846153846155,139.6315789473684,1.0141715011721184,0.9860265239599616,0.8760330578512396,0.12396694214876036,0.1662290215778057
284,Malkerns Country Club oval,Malkerns,,5,151.2,154.75,0.9948316716046008,1.0051951787854352,0.8688524590163934,0.1311475409836066,0.19401544401544402
23,Mangaung Oval,Bloemfontein,,,,,,,,,
71,Manuka Oval,Canberra,,35,161.0,140.64705882352942,1.0237352510172713,0.976815049600289,0.928921568627451,0.07107843137254899,0.1518143351711758
278,"Maple Leaf North-East Ground, King City",King City,,,,,,,,,
254,"Maple Leaf North-West Ground, King City",King City,,19,127.52631578947368,106.05263157894737,0.9131029883139565,1.0951667148154873,0.8663793103448276,0.13362068965517238,0.12952038984354963
266,"Marrara Stadium, Darwin",Darwin,,,,,,,,,
126,Marsa Sports Club,Marsa,,57,160.12280701754386,144.3684210526316,1.023426727622823,0.97710952138485,0.8783216783216783,0.12167832167832171,0.1437284150194724
339,"Marvel Stadium, Melbourne",Melbourne,,69,160.1304347826087,145.82608695652175,1.024573130149528,0.9760162262444441,0.8967136150234741,0.10328638497652587,0.14230486008836524
6,McLean Park,Napier,,6,170.33333333333334,139.83333333333334,1.0224841885173763,0.9780102335372258,0.9487179487179487,0.05128205128205132,0.16852264291017074
172,"Meersen, Gent",Ghent,,5,124.0,119.6,0.959782587823879,1.0419026274140961,0.8,0.19999999999999996,0.12040441176470588
1,Melbourne Cricket Ground,,,92,154.90217391304347,142.46153846153845,0.9983660926980483,1.0016365813241273,0.879646017699115,0.12035398230088501,0.1327700663850332
204,"Mission Road Ground, Mong Kok, Hong Kong",Mong Kok,,30,155.4,131.75,1.000730987447519,0.999269546504817,0.8916876574307305,0.10831234256926947,0.15552836825202632
246,"Mladost Cricket Ground, Zagreb",Zagreb,,9,148.0,103.77777777777777,0.9855817672155266,1.014629159410292,0.9338842975206612,0.06611570247933884,0.13441131884790297
139,"Moara Vlasiei Cricket Ground, Ilfov County",Ilfov County,,37,160.16216216216216,143.8918918918919,1.020707141655565,0.979712945260696,0.9036608863198459,0.09633911368015413,0.1553726462960875
309,Mombasa Sports Club Ground,,,,,,,,,,
305,Moses Mabhida Stadium,Durban,,,,,,,,,
224,Mulpani Cricket Ground,Kathmandu,,13,151.92307692307693,138.0,0.9916551942230707,1.00841502754742,0.896969696969697,0.10303030303030303,0.14627831715210357
336,Multan Cricket Stadium,Multan,,16,171.6875,153.6875,1.0471805205557745,0.9549451888861206,0.95,0.050000000000000044,0.17486195109124375
265,"Namibia Cricket Ground, Windhoek",Windhoek,,,,,,,,,
198,"Narendra Modi Stadium, Ahmedabad",Ahmedabad,,53,181.64150943396226,163.54716981132074,1.1236339886105187,0.8899695186655898,0.8915094339622641,0.10849056603773588,0.18083766336010076
228,"Nassau County International Cricket Stadium, New York",New York,,8,107.625,106.0,0.9124032374947577,1.0960066327096363,0.897196261682243,0.10280373831775702,0.0844994617868676
121,"National Cricket Stadium, St George's, Grenada",St George's,,10,169.4,162.7,1.0304727201258748,0.9704284067586452,0.9457364341085271,0.054263565891472854,0.160503860219423
125,"National Sports Academy, Sofia",Sofia,,16,154.875,136.3125,0.9990381413839293,1.0009627846788094,0.8795811518324608,0.12041884816753923,0.18746372605919906
222,"National Stadium, Hamilton",Hamilton,,5,164.0,80.4,1.0113253580896464,0.9888014692808261,0.9154929577464789,0.08450704225352113,0.1172668513388735
158,"National Stadium, Karachi",Karachi,,88,172.72727272727272,157.27272727272728,1.0919561435644265,0.9157876952234931,0.9036482694106641,0.09635173058933588,0.1755113717636962
334,Nehru Stadium,Kochi,,5,146.8,125.8,0.9891619668753665,1.0109567831028416,0.8709677419354839,0.12903225806451613,0.14025974025974025
289,"New Wanderers Stadium, Johannesburg",Johannesburg,,50,173.22,147.62,1.082878452271092,0.9234646768552156,0.895330112721417,0.10466988727858295,0.16768655447900732
41,Newlands,Cape Town,,39,156.33333333333334,141.7948717948718,1.0047802337084404,0.9952425082141619,0.8783505154639175,0.12164948453608249,0.14519115564753296
261,"Nigeria Cricket Federation Oval 1, Abuja",Abuja,,24,128.45833333333334,109.08333333333333,0.9059839793447751,1.1037722772131346,0.8541033434650456,0.14589665653495443,0.10589959692194943
262,"Nigeria Cricket Federation Oval 2, Abuja",Abuja,,5,109.8,68.2,0.9414849043795316,1.062151921234501,0.8787878787878788,0.12121212121212122,0.10303687635574837
354,"North Sydney Oval, Sydney",Sydney,,,,,,,,,
303,OUTsurance Oval,Bloemfontein,,,,,,,,,
35,Old Trafford,Manchester,,13,166.69230769230768,130.5,1.0291408453254467,0.9716842981620931,0.8840579710144928,0.1159420289855072,0.17702805155420773
318,P Sara Oval,Colombo,,,,,,,,,
86,Pallekele International Cricket Stadium,Kandy,,49,168.14285714285714,150.40816326530611,1.0591682685138726,0.944137045762434,0.9041322314049587,0.09586776859504131,0.16883680555555555
72,Perth Stadium,Perth,,50,161.7,147.02,1.0298630314263026,0.971002909595712,0.9,0.09999999999999998,0.1545679433592084
99,Pierre Werner Cricket Ground,Walferdange,,6,163.33333333333334,123.33333333333333,1.0120765137521734,0.9880675881832285,0.8795180722891566,0.12048192771084343,0.1322930800542741
234,Prairie View Cricket Complex,Houston,,7,155.71428571428572,149.71428571428572,1.0008408314337336,0.9991598749698001,0.8953488372093024,0.10465116279069764,0.15641791044776118
83,"Providence Stadium, Guyana",Providence,,85,151.81176470588235,130.6144578313253,0.982271318463646,1.0180486604903451,0.8999037536092397,0.10009624639076031,0.14345641928634315
301,"Punjab Cricket Association IS Bindra Stadium, Mohali",Chandigarh,,67,169.56716417910448,159.1492537313433,1.0712319152146315,0.9335046741952611,0.8911022576361222,0.10889774236387784,0.17010470875916986
26,"Queen's Park Oval, Port of Spain",Trinidad,,60,149.85,138.03333333333333,0.9740953866554918,1.0265935078837098,0.8939597315436242,0.10604026845637582,0.13745510879515527
167,"Queens Sports Club, Bulawayo",Bulawayo,,23,153.7826086956522,128.34782608695653,0.9950778442733121,1.0049465031856704,0.8722044728434505,0.12779552715654952,0.12724935732647816
120,"R Premadasa Stadium, Colombo",Colombo,,102,149.35294117647058,133.3861386138614,0.9684452481851441,1.0325828970445041,0.8963963963963963,0.10360360360360366,0.1415722563348612
81,"Rajiv Gandhi International Stadium, Uppal",Hyderabad,,86,167.1860465116279,155.63529411764705,1.0625966401900986,0.9410908732226934,0.8854271356783919,0.11457286432160807,0.1678016755670962
255,Rangiri Dambulla International Stadium,Dambulla,,15,176.4,163.66666666666666,1.0585077504400733,0.944726195518409,0.8894472361809045,0.11055276381909551,0.1815913501524813
100,Rawalpindi Cricket Stadium,,,52,179.07692307692307,157.44,1.1110525637410174,0.9000474258687697,0.9230769230769231,0.07692307692307687,0.1971153846153846
12,Riverside Ground,Chester-le-Street,,5,163.2,150.4,1.010294502684331,0.9898103942395224,0.9142857142857143,0.08571428571428574,0.15004122011541632
238,Roma Cricket Ground,Spinaceto,,12,140.91666666666666,112.33333333333333,0.9654641582789557,1.0357712313035092,0.9428571428571428,0.05714285714285716,0.12277515437704323
173,"Royal Brussels Cricket Club Ground, Waterloo",Waterloo,,10,154.9,136.8,0.9993322964236405,1.0006681497023053,0.8865248226950354,0.11347517730496459,0.14864300626304802
258,"Ruaraka Sports Club Ground, Nairobi",Nairobi,,6,195.0,85.83333333333333,1.059158851975711,0.944145439689846,0.9012345679012346,0.09876543209876543,0.16437364228819695
28,"Sabina Park, Kingston",Jamaica,,37,163.43243243243242,143.97297297297297,1.0343840609585426,0.9667589029487949,0.906183368869936,0.093816631130064,0.1545773452529139
194,Sano International Cricket Ground,Sano,,21,143.61904761904762,75.95238095238095,0.9617469363462026,1.0397745625259027,0.8877887788778878,0.11221122112211224,0.10284705363054514
205,Santarem Cricket Ground,Albergaria,,6,163.66666666666666,128.0,1.0125721173124211,0.9875839783680889,0.8780487804878049,0.12195121951219512,0.13504155124653738
256,Sao Fernando Polo and Cricket Club,Seropedica,,,,,,,,,
288,"Sao Fernando Polo and Cricket Club, Campo Sede",Seropedica,,,,,,,,,
37,Saurashtra Cricket Association Stadium,Rajkot,,16,175.4375,156.75,1.057918597694476,0.9452523116422207,0.8817204301075269,0.11827956989247312,0.17611548556430445
329,Sawai Mansingh Stadium,Jaipur,,65,165.5076923076923,152.7846153846154,1.050731062528126,0.95171831847622,0.8744650499286734,0.12553495007132665,0.1646807408366792
245,"Saxton Oval, Nelson",Nelson,,5,160.0,171.25,1.0061710810630695,0.9938667676111804,0.8888888888888888,0.11111111111111116,0.1827852998065764
124,"Scott Page Field, Vinor",Prague,,19,154.31578947368422,134.73684210526315,0.997190392369327,1.002817523766948,0.8502202643171806,0.14977973568281944,0.13411012108750286
22,Seddon Park,Hamilton,,13,179.92307692307693,163.3846153846154,1.062721741104659,0.9409800903861607,0.8843537414965986,0.11564625850340138,0.191958495460441
249,"Selangor Turf Club, Kuala Lumpur",Kuala Lumpur,,7,135.0,132.14285714285714,0.9662403606534732,1.0349391732339717,0.8202247191011236,0.1797752808988764,0.11433868974042027
24,Senwes Park,Potchefstroom,,,,,,,,,
335,Shaheed Veer Narayan Singh International Stadium,Raipur,,7,150.28571428571428,145.28571428571428,0.9917731218499413,1.0082951211005933,0.8947368421052632,0.10526315789473684,0.1451516954193932
136,Sharjah Cricket Stadium,Sharjah,,87,155.1264367816092,143.38372093023256,0.9995575087696226,1.0004426871155438,0.901593252108716,0.09840674789128401,0.14668104716148642
324,Sheikh Abu Naser Stadium,Khulna,,,,,,,,,
18,Sheikh Zayed Stadium,Abu Dhabi,,90,151.06666666666666,138.44444444444446,0.9781539824242882,1.0223339248914245,0.8835304822565969,0.11646951774340308,0.13844490409928545
307,"Shere Bangla National Stadium, Mirpur",Mirpur,,60,143.93333333333334,125.83333333333333,0.9455052562736989,1.0576355798814578,0.8775773195876289,0.12242268041237114,0.1311579392487138
240,"Shrimant Madhavrao Scindia Cricket Stadium, Gwalior",Gwalior,,,,,,,,,
244,"Sikh Union Club Ground, Nairobi",Nairobi,,11,153.45454545454547,132.8181818181818,0.9959846621315138,1.0040315258067258,0.9117647058823529,0.08823529411764708,0.14302191464821223
239,"Simar Cricket Ground, Rome",Rome,,12,149.5,124.91666666666667,0.9862020697530731,1.0139909767684645,0.8529411764705882,0.1470588235294118,0.1332868108862526
264,Singapore National Cricket Ground,Singapore,,17,148.1764705882353,123.88235294117646,0.9791764807414463,1.0212663597095244,0.8944723618090452,0.10552763819095479,0.1535303776683087
157,"Sir Vivian Richards Stadium, North Sound, Antigua",North Sound,,33,141.36363636363637,127.42424242424242,0.9444505266268983,1.058816710676732,0.8661616161616161,0.13383838383838387,0.14119099890230516
21,"Sky Stadium, Wellington",Wellington,,17,163.52941176470588,139.7058823529412,1.0246246666852479,0.9759671346143649,0.9166666666666666,0.08333333333333337,0.16194644696189495
207,"Solvangs Park, Glostrup",Copenhagen,,,,,,,,,
11,Sophia Gardens,Cardiff,,11,148.72727272727272,137.9090909090909,0.9851773070757881,1.0150457108763586,0.905511811023622,0.09448818897637801,0.14640198511166252
209,"Sportpark Het Schootsveld, Deventer",Deventer,,7,151.28571428571428,144.14285714285714,0.9934434894048503,1.0065997821366544,0.9102564102564102,0.08974358974358976,0.1322013341419042
248,"Sportpark Maarschalkerweerd, Utrecht",Utrecht,,5,160.0,131.75,1.0061710810630695,0.9938667676111804,0.9298245614035088,0.07017543859649122,0.13288718929254303
166,"Sportpark Westvliet, The Hague",The Hague,,20,150.3,137.75,0.9841798981840525,1.0160744004679814,0.9108527131782945,0.08914728682170547,0.1258682382656283
201,"St Albans Club, Buenos Aires",Buenos Aires,,17,119.3529411764706,86.875,0.8938523002339258,1.118753064391393,0.8957345971563981,0.10426540284360186,0.07793996144312862
263,"St George's College Ground, Buenos Aires",Buenos Aires,,9,102.33333333333333,68.77777777777777,0.8942710836843613,1.1182291569576865,0.9097222222222222,0.09027777777777779,0.059679037111334
78,"St George's Park, Gqeberha",Port Elizabeth,,22,158.0909090909091,136.13636363636363,1.0097195088819615,0.9903740506185489,0.8876404494382022,0.1123595505617978,0.1379508825786646
225,St Georges Quilmes,,,,,,,,,,
306,Stadium Australia,Sydney,,17,152.94117647058823,131.05882352941177,0.9932810901722812,1.0067643589455162,0.8798076923076923,0.12019230769230771,0.12956894378623646
272,"Stars Arena Hofstade, Zemst",Zemst,,7,139.57142857142858,120.42857142857143,0.9738763266187721,1.0268244259226706,0.93,0.06999999999999995,0.14705882352941177
283,"Stubberudmyra Cricket Ground, Oslo",Oslo,,,,,,,,,
40,SuperSport Park,Centurion,,36,164.16666666666666,149.97142857142856,1.037093241675637,0.9642334554068588,0.892018779342723,0.107981220657277,0.1752744510978044
130,"Svanholm Park, Brondby",Brondby,,11,138.27272727272728,107.0909090909091,0.9612764257025491,1.0402834952174653,0.8873239436619719,0.11267605633802813,0.09290271132376396
19,Sydney Cricket Ground,,,86,157.52325581395348,138.66666666666666,1.0120871565923952,0.9880571979264202,0.8972667295004713,0.10273327049952874,0.1428131258665845
338,Sydney Showground Stadium,,,39,154.10256410256412,123.84615384615384,0.9952797654603013,1.004742620822313,0.9102296450939458,0.08977035490605423,0.14366065151160065
47,Sylhet International Cricket Stadium,,,14,154.92857142857142,146.30769230769232,0.9992509878913585,1.0007495735483056,0.8766233766233766,0.12337662337662336,0.16251638269986893
259,"TCA Oval, Blantyre",Blantyre,,14,138.71428571428572,134.42857142857142,0.9562355141769128,1.0457674758720479,0.9022988505747126,0.0977011494252874,0.16076555023923444
223,"Tafawa Balewa Square Cricket Oval, Lagos",Lagos,,22,117.04545454545455,78.27272727272727,0.8711983137927115,1.1478442785851568,0.8277945619335347,0.17220543806646527,0.06871988267337105
285,"Takashinga Sports Club, Highfield, Harare",Harare,,10,140.1,111.7,0.9675475880930838,1.033540894842057,0.8666666666666667,0.1333333333333333,0.1084967320261438
345,Ted Summerton Reserve,Moe,,,,,,,,,
98,Terdthai Cricket Ground,Bangkok,,8,132.5,104.875,0.9581934664362206,1.0436305767344345,0.8415841584158416,0.15841584158415845,0.12608444187391557
230,"Terdthai Cricket Ground, Bangkok",Bangkok,,36,135.27777777777777,113.08333333333333,0.9174403821301055,1.089989082100581,0.8771551724137931,0.12284482758620685,0.13559532687049466
9,The Rose Bowl,Southampton,,13,179.3846153846154,146.30769230769232,1.0613550767415514,0.9421917527073818,0.9204545454545454,0.07954545454545459,0.16204896907216496
49,"The Village, Malahide",Dublin,,17,165.1764705882353,140.1764705882353,1.0295003341428206,0.9713449979912994,0.9056603773584906,0.09433962264150941,0.17222511724856696
174,Tikkurila Cricket Ground,Vantaa,,21,134.61904761904762,99.23809523809524,0.932046986406477,1.0729072831998707,0.8821752265861027,0.1178247734138973,0.09932694268815011
273,"Titwood, Glasgow",Glasgow,,6,162.33333333333334,148.5,1.0105897030714301,0.9895212636352365,0.8877551020408163,0.11224489795918369,0.13864701942397856
63,Tolerance Oval,Abu Dhabi,,9,126.77777777777777,110.66666666666667,0.9431478485915542,1.0602791508174945,0.847457627118644,0.15254237288135597,0.11197110423116616
323,Tony Ireland Stadium,Townsville,,,,,,,,,
343,Traeger Park,Alice Springs,,,,,,,,,
296,Trent Bridge,Nottingham,,14,165.71428571428572,149.5,1.027864805208016,0.9728905931336205,0.8908045977011494,0.10919540229885061,0.1513157894736842
119,"Tribhuvan University International Cricket Ground, Kirtipur",Kirtipur,,34,168.58823529411765,145.72727272727272,1.054266572137451,0.948526707028727,0.9048723897911833,0.09512761020881666,0.16670895711748288
177,"UKM-YSD Cricket Oval, Bangi",Bangi,,22,125.81818181818181,106.45,0.9008047264751313,1.1101185091612717,0.8715953307392996,0.12840466926070038,0.12272938984629717
226,Udayana Cricket Ground,Bali,,72,127.31944444444444,102.29577464788733,0.8593649117205023,1.1636500238274068,0.9050480769230769,0.09495192307692313,0.12250902768490037
164,"United Cricket Club Ground, Windhoek",Windhoek,,19,144.68421052631578,120.47368421052632,0.9669585751942134,1.0341704656780673,0.8883720930232558,0.11162790697674418,0.12713771377137714
182,"University Oval, Dunedin",Dunedin,,5,171.8,163.6,1.021376198291471,0.9790711803082659,0.9393939393939394,0.06060606060606055,0.19584837545126355
252,University of Dar-es-Salaam Ground,Dar-es-Salaam,,7,66.85714285714286,57.285714285714285,0.8524167429832369,1.173135098801861,0.8809523809523809,0.11904761904761907,0.0636604774535809
231,University of Doha for Science and Technology,Doha,,13,157.3846153846154,126.07692307692308,1.0055170756203033,0.9945131954950641,0.8876404494382022,0.1123595505617978,0.13346290897311305
155,University of Lagos Cricket Oval,Lagos,,8,125.5,89.75,0.9453077738697787,1.0578565284683201,0.9224137931034483,0.07758620689655171,0.0779840848806366
352,"University of Tasmania Stadium, Launceston",Launceston,,,,,,,,,
53,VRA Ground,Amstelveen,,,,,,,,,
280,"Vassil Levski National Sports Academy, Sofia",Sofia,,7,204.0,199.28571428571428,1.081495721942203,0.9246453589332291,0.8928571428571429,0.1071428571428571,0.2649783817171093
271,"Velden Cricket Ground, Latschach",Latschach,,9,171.22222222222223,153.77777777777777,1.0320146938773602,0.9689784515014235,0.9090909090909091,0.09090909090909094,0.16884286357496622
14,"Vidarbha Cricket Association Stadium, Jamtha",Nagpur,,12,145.91666666666666,129.58333333333334,0.977544495059995,1.0229713379324252,0.8197674418604651,0.18023255813953487,0.1345093715545755
118,"Wanderers Cricket Ground, Windhoek",Windhoek,,25,146.96,123.5,0.9704670498789706,1.0304316876340238,0.9097222222222222,0.09027777777777779,0.1405593127399013
44,Wankhede Stadium,Mumbai,,133,172.02255639097746,160.51127819548873,1.0941560791752392,0.9139463912258179,0.9054726368159204,0.09452736318407962,0.1794759825327511
170,"Warner Park, Basseterre, St Kitts",Basseterre,,105,164.24761904761905,145.76699029126215,1.0489066160034246,0.9533737176815891,0.90854119425548,0.09145880574452003,0.1644704332070499
156,"West End Park International Cricket Stadium, Doha",Doha,,44,142.29545454545453,131.45454545454547,0.9427915715507221,1.0606798259292671,0.8583765112262521,0.14162348877374786,0.13064295485636115
291,"Western Australia Cricket Association Ground, Perth",Perth,,37,155.8918918918919,142.02702702702703,1.0028480238880402,0.9971600643166265,0.8744186046511628,0.12558139534883717,0.14594843462246776
88,"White Hill Field, Sandys Parish",Hamilton,,12,132.58333333333334,108.91666666666667,0.9453302636438903,1.0578313616506665,0.8924050632911392,0.10759493670886078,0.12042851865533802
192,"Willowmoore Park, Benoni",Benoni,,12,140.08333333333334,123.83333333333333,0.9634507688154492,1.0379357538211191,0.8344370860927153,0.16556291390728473,0.12446657183499289
168,"Windsor Park, Roseau, Dominica",Roseau,,,,,,,,,
250,"YSD-UKM Cricket Oval, Bangi",Bangi,,10,109.9,77.7,0.9026896021753266,1.107800508159363,0.8608695652173913,0.13913043478260867,0.09893048128342247
253,"Yeonhui Cricket Ground, Incheon",Incheon,,14,124.78571428571429,82.64285714285714,0.9192838957878516,1.0878032396542445,0.8434343434343434,0.15656565656565657,0.07133798351299937
87,Zahur Ahmed Chowdhury Stadium,Chattogram,,23,149.6086956521739,125.91304347826087,0.9806938153619349,1.0196862510353855,0.9069767441860465,0.09302325581395354,0.14784474351472596
135,"Zayed Cricket Stadium, Abu Dhabi",Abu Dhabi,,27,151.33333333333334,142.37037037037038,0.985648296026398,1.0145606744631532,0.9085173501577287,0.09148264984227128,0.14335333122829175
221,Zhejiang University of Technology Cricket Field,Hangzhou,,6,156.0,98.0,1.0011732354267224,0.9988281394415998,0.9594594594594594,0.04054054054054057,0.1597051597051597
