match,innings,team,scorecard,built_runs,built_wkts,built_balls,ok
169250,1,Amsterdam Flames,157/8 (20),157,8,120,True
169250,2,Rotterdam Dockers,158/5 (18.1),158,5,109,True
169253,1,Belfast Wolves,184/7 (20),184,7,120,True
169253,2,Dublin Guardians,132/9 (20),132,9,120,True
169257,1,Glasgow Cosmic,115/10 (20),115,10,120,True
169257,2,Edinburgh Castle Rockers,116/3 (11.3),116,3,69,True
169270,1,Glasgow Cosmic,183/5 (20),183,5,120,True
169270,2,Dublin Guardians,150/10 (19.3),150,10,117,True
169273,1,Belfast Wolves,156/9 (20),156,9,120,True
169273,2,Rotterdam Dockers,5/None (1),5,0,6,True
169283,1,Amsterdam Flames,56/2 (5),56,2,30,True
169283,2,Belfast Wolves,59/1 (3.5),59,1,23,True
169293,1,Dublin Guardians,109/10 (18),109,10,108,True
169293,2,Edinburgh Castle Rockers,110/6 (13.4),110,6,82,True
169300,1,Glasgow Cosmic,140/9 (20),140,9,120,True
169300,2,Rotterdam Dockers,141/5 (19.5),141,5,119,True
169310,1,Dublin Guardians,178/4 (20),178,4,120,True
169310,2,Rotterdam Dockers,179/3 (18.4),179,3,112,True
169313,1,Edinburgh Castle Rockers,189/5 (20),189,5,120,True
169313,2,Belfast Wolves,130/10 (17.1),130,10,103,True
169320,1,Glasgow Cosmic,171/8 (20),171,8,120,True
169320,2,Amsterdam Flames,177/3 (16.5),177,3,101,True
169330,1,Belfast Wolves,146/3 (12),146,3,72,True
169330,2,Glasgow Cosmic,120/8 (12),120,8,72,True
169337,1,Edinburgh Castle Rockers,148/10 (19.3),148,10,117,True
169337,2,Rotterdam Dockers,93/10 (18),93,10,108,True
169340,1,Amsterdam Flames,169/7 (20),169,7,120,True
169340,2,Dublin Guardians,160/8 (20),160,8,120,True
169343,1,Glasgow Cosmic,159/6 (20),159,6,120,True
169343,2,Edinburgh Castle Rockers,163/3 (19),163,3,114,True
169347,1,Rotterdam Dockers,176/6 (20),176,6,120,True
169347,2,Amsterdam Flames,178/2 (17.4),178,2,106,True
169350,1,Belfast Wolves,107/10 (19.4),107,10,118,True
169350,2,Dublin Guardians,111/2 (14.3),111,2,87,True
169353,1,Rotterdam Dockers,172/4 (19),172,4,114,True
169353,2,Glasgow Cosmic,141/9 (19),140,9,114,False
169360,1,Amsterdam Flames,141/10 (20),141,10,120,True
169360,2,Belfast Wolves,144/5 (19),144,5,114,True
169363,1,Edinburgh Castle Rockers,174/4 (20),174,4,120,True
169363,2,Dublin Guardians,162/8 (20),162,8,120,True
169370,1,Belfast Wolves,161/6 (20),161,6,120,True
169370,2,Rotterdam Dockers,162/3 (18),162,3,108,True
169380,1,Dublin Guardians,159/10 (19.3),159,10,117,True
169380,2,Glasgow Cosmic,162/4 (18.5),162,4,113,True
169390,1,Edinburgh Castle Rockers,118/10 (18.3),118,10,111,True
169390,2,Amsterdam Flames,120/2 (14.5),120,2,89,True
169397,1,Belfast Wolves,187/8 (20),187,8,120,True
169397,2,Glasgow Cosmic,84/10 (14.5),84,9,89,True
169400,1,Amsterdam Flames,214/5 (20),214,5,120,True
169400,2,Dublin Guardians,155/9 (20),155,9,120,True
169403,1,Rotterdam Dockers,181/6 (20),181,6,120,True
169403,2,Edinburgh Castle Rockers,176/5 (20),176,5,120,True
169413,1,Glasgow Cosmic,126/10 (19.5),126,10,119,True
169413,2,Amsterdam Flames,127/5 (16),127,5,96,True
169420,1,Belfast Wolves,190/4 (20),190,4,120,True
169420,2,Edinburgh Castle Rockers,137/6 (15),137,6,90,True
169427,1,Rotterdam Dockers,188/5 (20),188,5,120,True
169427,2,Dublin Guardians,192/5 (19),192,5,114,True
169433,1,Amsterdam Flames,133/10 (20),133,10,120,True
169433,2,Belfast Wolves,136/3 (18.3),136,3,111,True
169440,1,Belfast Wolves,150/5 (20),150,5,120,True
169440,2,Edinburgh Castle Rockers,151/3 (18.4),151,3,112,True
