id,name,year,cat,code,cb_matches,db_matches,formats
2772,Bangladesh Premier League 2019,2019,Covered league,bpl,46,73,"{""T20"": 46}"
2933,Bangladesh Premier League 2019-20,2019,Covered league,bpl,46,73,"{""T20"": 46}"
3951,Bangladesh Premier League 2022,2022,Covered league,bpl,34,32,"{""T20"": 34}"
5255,Bangladesh Premier League 2023,2023,Covered league,bpl,46,46,"{""T20"": 46}"
7422,Bangladesh Premier League 2024,2024,Covered league,bpl,46,49,"{""T20"": 46}"
11328,Bangladesh Premier League 2025-26,2025,Covered league,bpl,38,48,"{""T20"": 38}"
2393,"Bangladesh Premier League, 2015",2015,Covered league,bpl,34,31,"{""T20"": 34}"
2526,"Bangladesh Premier League, 2016",2016,Covered league,bpl,46,45,"{""T20"": 46}"
2627,"Bangladesh Premier League, 2017",2017,Covered league,bpl,46,44,"{""T20"": 46}"
9201,"Bangladesh Premier League, 2024-25",2024,Covered league,bpl,46,49,"{""T20"": 46}"
2161,Big Bash League 2012-13,2012,Covered league,bbl,35,34,"{""T20"": 35}"
2302,Big Bash League 2014-15,2014,Covered league,bbl,35,37,"{""T20"": 35}"
2875,Big Bash League 2019-20,2019,Covered league,bbl,61,62,"{""T20"": 61}"
3248,Big Bash League 2020-21,2020,Covered league,bbl,61,65,"{""T20"": 61}"
3576,Big Bash League 2021-22,2021,Covered league,bbl,64,67,"{""T20"": 64}"
4457,Big Bash League 2022-23,2022,Covered league,bbl,61,56,"{""T20"": 61}"
6822,Big Bash League 2023-24,2023,Covered league,bbl,44,57,"{""T20"": 44}"
10289,Big Bash League 2025-26,2025,Covered league,bbl,44,42,"{""T20"": 44}"
2361,"Big Bash League, 2015-16",2015,Covered league,bbl,35,34,"{""T20"": 35}"
3315,CSA T20 Challenge 2021,2021,Covered league,csa_t20c,17,16,"{""T20"": 17}"
4006,CSA T20 Challenge 2022,2022,Covered league,csa_t20c,31,59,"{""T20"": 31}"
4744,CSA T20 Challenge 2022-23,2022,Covered league,csa_t20c,31,59,"{""T20"": 31}"
8643,CSA T20 Challenge 2024,2024,Covered league,csa_t20c,32,30,"{""T20"": 32}"
2196,Caribbean Premier League 2013,2013,Covered league,cpl,24,23,"{""T20"": 24}"
2837,Caribbean Premier League 2019,2019,Covered league,cpl,34,34,"{""T20"": 34}"
3243,Caribbean Premier League 2020,2020,Covered league,cpl,33,33,"{""T20"": 33}"
3581,Caribbean Premier League 2021,2021,Covered league,cpl,33,33,"{""T20"": 33}"
4422,Caribbean Premier League 2022,2022,Covered league,cpl,34,31,"{""T20"": 34}"
6204,Caribbean Premier League 2023,2023,Covered league,cpl,34,32,"{""T20"": 34}"
7855,Caribbean Premier League 2024,2024,Covered league,cpl,34,34,"{""T20"": 34}"
9575,Caribbean Premier League 2025,2025,Covered league,cpl,34,32,"{""T20"": 34}"
2288,"Caribbean Premier League, 2014",2014,Covered league,cpl,30,27,"{""T20"": 30}"
2335,"Caribbean Premier League, 2015",2015,Covered league,cpl,33,32,"{""T20"": 33}"
2584,"Caribbean Premier League, 2017",2017,Covered league,cpl,34,34,"{""T20"": 34}"
2717,"Caribbean Premier League, 2018",2018,Covered league,cpl,34,33,"{""T20"": 34}"
12870,European T20 Premier League 2026,2026,Covered league,etpl,32,31,"{""T20"": 32}"
2058,Indian Premier League 2008,2008,Covered league,ipl,59,58,"{""T20"": 59}"
2059,Indian Premier League 2009,2009,Covered league,ipl,59,57,"{""T20"": 59}"
2060,Indian Premier League 2010,2010,Covered league,ipl,60,60,"{""T20"": 60}"
2037,Indian Premier League 2011,2011,Covered league,ipl,74,73,"{""T20"": 74}"
2115,Indian Premier League 2012,2012,Covered league,ipl,76,74,"{""T20"": 76}"
2170,Indian Premier League 2013,2013,Covered league,ipl,76,76,"{""T20"": 76}"
2261,Indian Premier League 2014,2014,Covered league,ipl,60,60,"{""T20"": 60}"
2330,Indian Premier League 2015,2015,Covered league,ipl,60,59,"{""T20"": 60}"
2810,Indian Premier League 2019,2019,Covered league,ipl,60,60,"{""T20"": 60}"
3130,Indian Premier League 2020,2020,Covered league,ipl,60,60,"{""T20"": 60}"
3472,Indian Premier League 2021,2021,Covered league,ipl,62,60,"{""T20"": 62}"
4061,Indian Premier League 2022,2022,Covered league,ipl,74,74,"{""T20"": 74}"
5945,Indian Premier League 2023,2023,Covered league,ipl,75,74,"{""T20"": 75}"
7607,Indian Premier League 2024,2024,Covered league,ipl,74,71,"{""T20"": 74}"
9237,Indian Premier League 2025,2025,Covered league,ipl,74,74,"{""T20"": 74}"
9241,Indian Premier League 2026,2026,Covered league,ipl,74,74,"{""T20"": 74}"
2430,"Indian Premier League, 2016",2016,Covered league,ipl,60,60,"{""T20"": 60}"
2568,"Indian Premier League, 2017",2017,Covered league,ipl,60,59,"{""T20"": 60}"
2676,"Indian Premier League, 2018",2018,Covered league,ipl,60,60,"{""T20"": 60}"
5106,"International League T20, 2023",2023,Covered league,ilt20,34,32,"{""T20"": 34}"
7257,"International League T20, 2024",2024,Covered league,ilt20,34,34,"{""T20"": 34}"
9261,"International League T20, 2025",2025,Covered league,ilt20,34,65,"{""T20"": 34}"
10884,"International League T20, 2025-26",2025,Covered league,ilt20,34,65,"{""T20"": 34}"
3320,Lanka Premier League 2020,2020,Covered league,lpl,23,23,"{""T20"": 23}"
3891,Lanka Premier League 2021,2021,Covered league,lpl,24,24,"{""T20"": 24}"
4455,Lanka Premier League 2022,2022,Covered league,lpl,24,24,"{""T20"": 24}"
6648,Lanka Premier League 2023,2023,Covered league,lpl,24,24,"{""T20"": 24}"
12316,Lanka Premier League 2026,2026,Covered league,lpl,24,24,"{""T20"": 24}"
7873,"Lanka Premier League, 2024",2024,Covered league,lpl,24,24,"{""T20"": 24}"
6620,Major League Cricket 2023,2023,Covered league,mlc,19,19,"{""T20"": 19}"
8098,Major League Cricket 2024,2024,Covered league,mlc,25,23,"{""T20"": 25}"
9614,Major League Cricket 2025,2025,Covered league,mlc,34,33,"{""T20"": 34}"
11793,Major League Cricket 2026,2026,Covered league,mlc,34,34,"{""T20"": 34}"
2769,Mzansi Super League 2018,2018,Covered league,msl,32,30,"{""T20"": 32}"
2323,"NatWest t20 Blast, 2015",2015,Covered league,t20_blast,133,124,"{""T20"": 133}"
2422,"NatWest t20 Blast, 2016",2016,Covered league,t20_blast,133,121,"{""T20"": 133}"
2531,"NatWest t20 Blast, 2017",2017,Covered league,t20_blast,133,121,"{""T20"": 133}"
2252,Natwest t20 Blast 2014,2014,Covered league,t20_blast,134,122,"{""T20"": 134}"
11190,Nepal Premier League 2025,2025,Covered league,npl,32,32,"{""T20"": 32}"
3150,Pakistan Super League 2019,2019,Covered league,psl,34,34,"{""T20"": 34}"
3393,Pakistan Super League 2021,2021,Covered league,psl,36,34,"{""T20"": 36}"
11372,Pakistan Super League 2025,2025,Covered league,psl,34,34,"{""T20"": 34}"
11537,Pakistan Super League 2026,2026,Covered league,psl,44,43,"{""T20"": 44}"
2412,"Pakistan Super League, 2016",2016,Covered league,psl,24,23,"{""T20"": 24}"
2528,"Pakistan Super League, 2017",2017,Covered league,psl,24,24,"{""T20"": 24}"
2656,"Pakistan Super League, 2018",2018,Covered league,psl,34,33,"{""T20"": 34}"
3906,"Pakistan Super League, 2022",2022,Covered league,psl,34,34,"{""T20"": 34}"
5441,"Pakistan Super League, 2023",2023,Covered league,psl,34,34,"{""T20"": 34}"
7492,"Pakistan Super League, 2024",2024,Covered league,psl,34,32,"{""T20"": 34}"
2255,Ram Slam T20 Challenge 2014,2014,Covered league,csa_t20c,33,56,"{""T20"": 33}"
2313,Ram Slam T20 Challenge 2014-15,2014,Covered league,csa_t20c,32,56,"{""T20"": 32}"
4994,"SA20, 2023",2023,Covered league,sa20,34,33,"{""T20"": 34}"
7044,"SA20, 2024",2024,Covered league,sa20,34,33,"{""T20"": 34}"
8873,"SA20, 2025",2025,Covered league,sa20,34,41,"{""T20"": 34}"
10394,"SA20, 2025-26",2025,Covered league,sa20,34,41,"{""T20"": 34}"
2896,Super Smash 2019-20,2019,Covered league,super_smash,32,38,"{""T20"": 32}"
3836,Super Smash 2021-22,2021,Covered league,super_smash,32,44,"{""T20"": 32}"
10763,Super Smash 2025-26,2025,Covered league,super_smash,32,32,"{""T20"": 32}"
2792,Syed Mushtaq Ali Trophy 2019,2019,Covered league,sma,140,261,"{""T20"": 140}"
2919,Syed Mushtaq Ali Trophy 2019-20,2019,Covered league,sma,154,261,"{""T20"": 154}"
3377,Syed Mushtaq Ali Trophy 2021,2021,Covered league,sma,102,181,"{""T20"": 102}"
3841,Syed Mushtaq Ali Trophy 2021-22,2021,Covered league,sma,105,181,"{""T20"": 105}"
2365,"Syed Mushtaq Ali Trophy, 2016",2016,Covered league,sma,91,83,"{""T20"": 91}"
2673,"Syed Mushtaq Ali Trophy, 2018",2018,Covered league,sma,21,79,"{""T20"": 21}"
3417,T20 Blast 2021,2021,Covered league,t20_blast,133,120,"{""T20"": 133}"
4021,T20 Blast 2022,2022,Covered league,t20_blast,133,130,"{""T20"": 133}"
5246,T20 Blast 2023,2023,Covered league,t20_blast,133,132,"{""T20"": 133}"
7336,T20 Blast 2024,2024,Covered league,t20_blast,133,126,"{""T20"": 133}"
9257,T20 Blast 2025,2025,Covered league,t20_blast,133,132,"{""T20"": 133}"
11284,T20 Blast 2026,2026,Covered league,t20_blast,115,115,"{""T20"": 115}"
2662,"T20 Blast, 2018",2018,Covered league,t20_blast,133,126,"{""T20"": 133}"
11493,The Hundred Men's Competition 2026,2026,Covered league,hundred_male,34,34,"{""HUN"": 34}"
3458,The Hundred Mens Competition 2021,2021,Covered league,hundred_male,34,32,"{""HUN"": 34}"
3986,The Hundred Mens Competition 2022,2022,Covered league,hundred_male,34,34,"{""HUN"": 34}"
5924,The Hundred Mens Competition 2023,2023,Covered league,hundred_male,34,33,"{""HUN"": 34}"
7525,The Hundred Mens Competition 2024,2024,Covered league,hundred_male,34,34,"{""HUN"": 34}"
9384,The Hundred Mens Competition 2025,2025,Covered league,hundred_male,34,34,"{""HUN"": 34}"
1649,"Twenty20 Big Bash, 2010-11",2011,Covered league,bbl,2,12,"{""T20"": 2}"
2117,Bangladesh Premier League 2012,2012,Covered league - partial,bpl,33,17,"{""T20"": 33}"
2172,Bangladesh Premier League 2013,2013,Covered league - partial,bpl,47,38,"{""T20"": 47}"
2108,Big Bash League 2011,2011,Covered league - partial,bbl,31,12,"{""T20"": 31}"
2215,Big Bash League 2013-14,2013,Covered league - partial,bbl,35,18,"{""T20"": 35}"
2727,Big Bash League 2018-19,2018,Covered league - partial,bbl,59,45,"{""T20"": 59}"
8535,Big Bash League 2024-25,2024,Covered league - partial,bbl,44,39,"{""T20"": 44}"
12731,Big Bash League 2026-27,2026,Covered league - partial,bbl,44,27,"{""T20"": 44}"
2471,"Big Bash League, 2016-17",2016,Covered league - partial,bbl,35,31,"{""T20"": 35}"
2600,"Big Bash League, 2017-18",2017,Covered league - partial,bbl,43,36,"{""T20"": 43}"
2753,CSA T20 Challenge 2019,2019,Covered league - partial,csa_t20c,33,22,"{""T20"": 33}"
7663,CSA T20 Challenge 2024,2024,Covered league - partial,csa_t20c,59,30,"{""T20"": 59}"
11032,CSA T20 Challenge 2025,2025,Covered league - partial,csa_t20c,32,0,"{""T20"": 32}"
13180,CSA T20 Challenge 2026,2026,Covered league - partial,csa_t20c,83,0,"{""T20"": 83}"
2453,"CSA T20 Challenge, 2016",2016,Covered league - partial,csa_t20c,32,27,"{""T20"": 32}"
2641,"CSA T20 Challenge, 2017",2017,Covered league - partial,csa_t20c,33,25,"{""T20"": 33}"
12123,Caribbean Premier League 2026,2026,Covered league - partial,cpl,39,35,"{""T20"": 39}"
2442,"Caribbean Premier League, 2016",2016,Covered league - partial,cpl,34,29,"{""T20"": 34}"
2383,"Georgie Pie Super Smash, 2015",2015,Covered league - partial,super_smash,33,0,"{""T20"": 33}"
2515,"McDonalds Super Smash, 2016-17",2016,Covered league - partial,super_smash,32,0,"{""T20"": 32}"
2908,Mzansi Super League 2019,2019,Covered league - partial,msl,32,26,"{""T20"": 32}"
3148,Pakistan Super League 2020,2020,Covered league - partial,psl,36,32,"{""T20"": 36}"
2346,"Ram Slam T20 Challenge, 2015",2015,Covered league - partial,csa_t20c,32,24,"{""T20"": 32}"
12791,"SA20, 2027",2027,Covered league - partial,sa20,34,0,"{""T20"": 34}"
2138,Sri Lanka Premier League 2012,2012,Covered league - partial,lpl,24,0,"{""T20"": 24}"
2758,Super Smash 2018-19,2018,Covered league - partial,super_smash,32,19,"{""T20"": 32}"
3290,Super Smash 2020-21,2020,Covered league - partial,super_smash,32,22,"{""T20"": 32}"
4651,Super Smash 2022-23,2022,Covered league - partial,super_smash,32,22,"{""T20"": 32}"
7151,Super Smash 2023-24,2023,Covered league - partial,super_smash,32,27,"{""T20"": 32}"
8979,Super Smash 2024-25,2024,Covered league - partial,super_smash,32,26,"{""T20"": 32}"
2605,"Super Smash, 2017-18",2017,Covered league - partial,super_smash,32,13,"{""T20"": 32}"
2566,"Syed Mushtaq Ali Inter Zonal Trophy, 2017",2017,Covered league - partial,sma,10,0,"{""T20"": 10}"
4527,Syed Mushtaq Ali Trophy 2022,2022,Covered league - partial,sma,136,44,"{""T20"": 136}"
6718,Syed Mushtaq Ali Trophy 2023,2023,Covered league - partial,sma,135,39,"{""T20"": 135}"
8364,Syed Mushtaq Ali Trophy 2024,2024,Covered league - partial,sma,135,8,"{""T20"": 135}"
10493,Syed Mushtaq Ali Trophy Elite 2025,2025,Covered league - partial,sma,125,0,"{""T20"": 125}"
12420,Syed Mushtaq Ali Trophy Elite 2026,2026,Covered league - partial,sma,125,0,"{""T20"": 125}"
10487,Syed Mushtaq Ali Trophy Plate 2025,2025,Covered league - partial,sma,16,0,"{""T20"": 16}"
12431,Syed Mushtaq Ali Trophy Plate 2026,2026,Covered league - partial,sma,16,0,"{""T20"": 16}"
2331,"Syed Mushtaq Ali Trophy, 2015",2015,Covered league - partial,sma,2,0,"{""T20"": 2}"
2782,T20 Blast 2019,2019,Covered league - partial,t20_blast,133,112,"{""T20"": 133}"
2987,T20 Blast 2020,2020,Covered league - partial,t20_blast,99,89,"{""T20"": 99}"
3168,ACC Eastern Region T20 2020,2020,Gap league,,10,0,"{""T20"": 10}"
7310,ACC Western Region T20 2019,2019,Gap league,,11,0,"{""T20"": 11}"
3159,ACC Western Region T20 2020,2020,Gap league,,15,0,"{""T20"": 15}"
2767,Afghanistan Premier League 2018,2018,Gap league,,23,0,"{""T20"": 23}"
4709,Africa Cricket Association Cup 2022,2022,Gap league,,15,0,"{""T20"": 15}"
7399,Africa Cricket Association Cup 2023,2023,Gap league,,16,0,"{""T20"": 16}"
10592,Andhra Premier League 2025,2025,Gap league,,25,0,"{""T20"": 25}"
9157,Bahrain in Uganda 2024,2024,Gap league,,2,0,"{""T20"": 2}"
8440,Balkan Cup 2020,2020,Gap league,,4,0,"{""T20"": 4}"
3348,Bangabandhu T20 Cup 2020,2020,Gap league,,24,0,"{""T20"": 24}"
6948,Budapest Cup 2023,2023,Gap league,,3,0,"{""T20"": 3}"
10498,"Budapest Cup, 2025",2025,Gap league,,8,0,"{""T20"": 8}"
3141,Bushfire Bash 2020,2020,Gap league,,1,0,"{""T20"": 1}"
3698,CSA Provincial T20 Cup 2021,2021,Gap league,,31,0,"{""T20"": 31}"
4742,CSA Provincial T20 Cup 2022,2022,Gap league,,15,0,"{""T20"": 15}"
7658,CSA Provincial T20 Cup 2024,2024,Gap league,,24,0,"{""T20"": 24}"
8746,CSA T20 Knock Out Competition 2024,2024,Gap league,,24,0,"{""T20"": 24}"
11110,CSA T20 Knock Out Competition 2025,2025,Gap league,,25,0,"{""T20"": 25}"
7900,Central American Cricket Championships 2024,2024,Gap league,,5,0,"{""T20"": 5}"
9692,"Central American Cricket Championships, 2025",2025,Gap league,,8,0,"{""T20"": 8}"
4359,Central Europe Cup 2022,2022,Gap league,,6,0,"{""T20"": 6}"
6606,Central Europe Cup 2023,2023,Gap league,,3,0,"{""T20"": 3}"
9827,Central Europe Cup 2025,2025,Gap league,,6,0,"{""T20"": 6}"
12573,Central Europe Cup 2026,2026,Gap league,,6,0,"{""T20"": 6}"
8148,"Central Europe Cup, 2021",2021,Gap league,,6,0,"{""T20"": 6}"
2100,Champions League T20 2009/10,2009,Gap league,,23,0,"{""T20"": 23}"
2101,Champions League T20 2010/11,2010,Gap league,,23,0,"{""T20"": 23}"
2080,Champions League T20 2011,2011,Gap league,,23,0,"{""T20"": 23}"
2216,Champions League T20 2013,2013,Gap league,,29,0,"{""T20"": 29}"
2264,Champions League T20 2014,2014,Gap league,,29,0,"{""T20"": 29}"
2148,"Champions League T20, 2012",2012,Gap league,,29,0,"{""T20"": 29}"
10069,Chhattisgarh Cricket Premier League 2025,2025,Gap league,,18,0,"{""T20"": 18}"
2176,Cricbuzz 2013,2013,Gap league,,4,0,"{""TEST"": 3, ""T20"": 4, ""ODI"": 2}"
10581,Delhi Premier League 2025,2025,Gap league,,44,0,"{""T20"": 44}"
12851,Delhi Premier League 2026,2026,Gap league,,44,0,"{""T20"": 44}"
2548,"Desert T20, 2017",2017,Gap league,,15,0,"{""T20"": 15}"
12751,"ECA Men's European Cup, 2026",2026,Gap league,,13,0,"{""T20"": 13}"
7066,East Africa Cup 2023,2023,Gap league,,18,0,"{""T20"": 18}"
10790,Eastern Europe Cup 2025,2025,Gap league,,7,0,"{""T20"": 7}"
2575,"Emirates T20 Trophy, 2017",2017,Gap league,,7,0,"{""T20"": 7}"
2067,Friends Life T20 2011,2011,Gap league,,20,0,"{""T20"": 20}"
2129,"Friends Life T20, 2012",2012,Gap league,,10,0,"{""T20"": 10}"
2186,Friends Life t20 2013,2013,Gap league,,97,0,"{""T20"": 97}"
1613,"Friends Provident T20, 2010",2010,Gap league,,18,0,"{""T20"": 18, ""ODI"": 1}"
12012,Global Super League 2026,2026,Gap league,,12,0,"{""T20"": 12}"
9196,"Global Super League, 2024",2024,Gap league,,11,0,"{""T20"": 11}"
9884,"Global Super League, 2025",2025,Gap league,,11,0,"{""T20"": 11}"
2861,Global T20 Canada 2019,2019,Gap league,,22,0,"{""T20"": 22}"
6829,Global T20 Canada 2023,2023,Gap league,,25,0,"{""T20"": 25}"
8518,Global T20 Canada 2024,2024,Gap league,,25,0,"{""T20"": 25}"
2715,"Global T20 Canada, 2018",2018,Gap league,,22,0,"{""T20"": 22}"
2558,"Haryana Premier League, 2017",2017,Gap league,,18,0,"{""T20"": 18}"
8285,Hellenic Premier League 2019,2019,Gap league,,4,0,"{""T20"": 4}"
7637,"Hong Kong Friendship Cup, 2024",2024,Gap league,,1,0,"{""T20"": 1}"
11122,Hong Kong Sixes 2025,2025,Gap league,,29,0,"{""T20"": 29}"
2570,"Hong Kong T20 Blitz, 2017",2017,Gap league,,11,0,"{""T20"": 11}"
2458,"Hong Kong Twenty20 Blitz, 2016",2016,Gap league,,7,0,"{""T20"": 7}"
2657,"Hong Kong Twenty20 Blitz, 2018",2018,Gap league,,11,0,"{""T20"": 11}"
2243,ICC World Twenty20 2014,2014,Gap league,,35,0,"{""T20"": 35}"
7355,ICC World Twenty20 East Asia Pacific Region Final 2019,2019,Gap league,,6,0,"{""T20"": 6}"
2912,Iberia Cup 2019,2019,Gap league,,6,0,"{""T20"": 6}"
2876,Karnataka Premier League 2019,2019,Gap league,,25,0,"{""T20"": 25}"
1626,"Karnataka Premier League, 2010",2010,Gap league,,1,0,"{""T20"": 1}"
2367,"Karnataka Premier League, 2015",2015,Gap league,,32,0,"{""T20"": 32}"
2506,"Karnataka Premier League, 2016",2016,Gap league,,31,0,"{""T20"": 31}"
2606,"Karnataka Premier League, 2017",2017,Gap league,,24,0,"{""T20"": 24}"
2743,"Karnataka Premier League, 2018",2018,Gap league,,26,0,"{""T20"": 26}"
7907,Kartini Cup 2019,2019,Gap league,,2,0,"{""T20"": 2}"
9560,"Kartini Cup, 2025",2025,Gap league,,4,0,"{""T20"": 4}"
10620,Kerala Cricket League 2025,2025,Gap league,,33,0,"{""T20"": 33}"
10014,Madhya Pradesh Premier League 2025,2025,Gap league,,24,0,"{""T20"": 24}"
12530,Madhya Pradesh Premier League 2026,2026,Gap league,,48,0,"{""T20"": 48}"
4485,Maharaja Trophy KSCA T20 2022,2022,Gap league,,34,0,"{""T20"": 34}"
6941,Maharaja Trophy KSCA T20 2023,2023,Gap league,,33,0,"{""T20"": 33}"
8652,Maharaja Trophy KSCA T20 2024,2024,Gap league,,33,0,"{""T20"": 33}"
10515,Maharaja Trophy KSCA T20 2025,2025,Gap league,,34,0,"{""T20"": 34}"
12541,Maharaja Trophy KSCA T20 2026,2026,Gap league,,34,0,"{""T20"": 34}"
9944,"Maharashtra Premier League, 2025",2025,Gap league,,34,0,"{""T20"": 34}"
6759,Mdina Cup 2023,2023,Gap league,,6,0,"{""T20"": 6}"
8080,Mdina Cup 2024,2024,Gap league,,7,0,"{""T20"": 7}"
9818,Mdina Cup 2025,2025,Gap league,,7,0,"{""T20"": 7}"
7672,"Mens African Games, 2024",2024,Gap league,,16,0,"{""T20"": 16}"
11234,Mini SEA Mens Twenty20 Cricket Competition 2025,2025,Gap league,,6,0,"{""T20"": 6}"
13053,"North American Cup, 2026",2026,Gap league,,10,0,"{""T20"": 10}"
10350,Pondicherry Premier League 2025,2025,Gap league,,34,0,"{""T20"": 34}"
5297,RSA T20 Cup 2009,2009,Gap league,,2,0,"{""T20"": 2}"
7088,Rajasthan Premier League 2023,2023,Gap league,,19,0,"{""T20"": 19}"
2596,"Rajputana Premier League, 2017",2017,Gap league,,19,0,"{""T20"": 19}"
6214,SEA Games Mens Twenty20 Cricket Competition 2023,2023,Gap league,,8,0,"{""T20"": 8}"
11363,SEA Games Mens Twenty20 Cricket Competition 2025,2025,Gap league,,10,0,"{""T20"": 10}"
5414,"Saudari Cup, 2018",2018,Gap league,,6,0,"{""T20"": 6}"
7329,"Saudari Cup, 2019",2019,Gap league,,3,0,"{""T20"": 3}"
2833,Saurashtra Premier League 2019,2019,Gap league,,11,0,"{""T20"": 11}"
7058,Saurashtra Premier League 2023,2023,Gap league,,11,0,"{""T20"": 11}"
13073,"Sher-E-Punjab T20 League, 2026",2026,Gap league,,27,0,"{""T20"": 27}"
8445,Sofia T20 2021,2021,Gap league,,9,0,"{""T20"": 9}"
9049,South American Mens Championships 2024,2024,Gap league,,16,0,"{""T20"": 16}"
11089,South American Mens Championships 2025,2025,Gap league,,3,0,"{""T20"": 3}"
6521,Southern Africa Cup 2023,2023,Gap league,,10,0,"{""T20"": 10}"
2228,"Sri Lanka Cricket Super 4 T20 Tournament, 2013",2013,Gap league,,7,0,"{""T20"": 7}"
2747,"Super Provincial T20 Tournament, 2018",2018,Gap league,,13,0,"{""T20"": 13}"
427,"T20 Canada, 2008",2008,Gap league,,8,0,"{""T20"": 8}"
2832,T20 Mumbai 2019,2019,Gap league,,23,0,"{""T20"": 23}"
9875,T20 Mumbai 2025,2025,Gap league,,23,0,"{""T20"": 23}"
12299,T20 Mumbai 2026,2026,Gap league,,23,0,"{""T20"": 23}"
8679,T20 Spring Challenge 2024,2024,Gap league,,21,0,"{""T20"": 21}"
10675,T20 Spring Challenge 2025,2025,Gap league,,21,0,"{""T20"": 21}"
12747,T20 Spring Challenge 2026,2026,Gap league,,21,0,"{""T20"": 21}"
12664,TG20 2026,2026,Gap league,,32,0,"{""T20"": 32}"
2864,Tamil Nadu Premier League 2019,2019,Gap league,,32,0,"{""T20"": 32}"
3517,Tamil Nadu Premier League 2021,2021,Gap league,,32,0,"{""T20"": 32}"
4184,Tamil Nadu Premier League 2022,2022,Gap league,,32,0,"{""T20"": 32}"
6158,Tamil Nadu Premier League 2023,2023,Gap league,,32,0,"{""T20"": 32}"
7862,Tamil Nadu Premier League 2024,2024,Gap league,,32,0,"{""T20"": 32}"
9866,Tamil Nadu Premier League 2025,2025,Gap league,,32,0,"{""T20"": 32}"
12620,Tamil Nadu Premier League 2026,2026,Gap league,,32,0,"{""T20"": 32}"
2499,"Tamil Nadu Premier League, 2016",2016,Gap league,,31,0,"{""T20"": 31}"
2594,"Tamil Nadu Premier League, 2017",2017,Gap league,,32,0,"{""T20"": 32}"
2716,"Tamil Nadu Premier League, 2018",2018,Gap league,,33,0,"{""T20"": 33}"
9677,"The North American T20 Cup, 2025",2025,Gap league,,13,0,"{""T20"": 13}"
3677,UAE Summer T20 Bash 2021,2021,Gap league,,7,0,"{""T20"": 7}"
10735,Uttar Pradesh Premier League 2025,2025,Gap league,,34,0,"{""T20"": 34}"
8454,Valletta Cup 2019,2019,Gap league,,2,0,"{""T20"": 2}"
8224,Valletta Cup 2021,2021,Gap league,,8,0,"{""T20"": 8}"
4205,Valletta Cup 2022,2022,Gap league,,18,0,"{""T20"": 18}"
6752,Valletta Cup 2023,2023,Gap league,,13,0,"{""T20"": 13}"
10609,Viking Cup 2025,2025,Gap league,,8,0,"{""T20"": 8}"
12507,Viking Cup 2026,2026,Gap league,,8,0,"{""T20"": 8}"
7189,West Africa Trophy 2023,2023,Gap league,,20,0,"{""T20"": 20}"
11295,West Africa Trophy 2025,2025,Gap league,,20,0,"{""T20"": 20}"
2560,"Zonal T20 League, 2017",2017,Gap league,,65,0,"{""T20"": 65}"
2666,"Zonal T20 League, 2018",2018,Gap league,,65,0,"{""T20"": 65}"
12635, Asia Pacific Cricket Champions Trophy 2026,2026,International,,8,0,"{""T20"": 8}"
13253, ICC Men's T20 World Cup Asia Sub Regional Qualifier A 2026,2026,International,,21,0,"{""T20"": 21}"
11146,ACC Mens Asia Cup Rising Stars 2025,2025,International,,15,0,"{""T20"": 15}"
7511,ACC Mens T20I Challenger Cup 2024,2024,International,,22,0,"{""T20"": 22}"
7667,"ACC Mens T20I Premier Cup, 2024",2024,International,,24,0,"{""T20"": 24}"
2387,"Afghanistan and Hong Kong and Oman in UAE, 2015",2015,International,,7,0,"{""T20"": 7}"
3996,"Afghanistan tour of Bangladesh, 2022",2022,International,,2,0,"{""ODI"": 3, ""T20"": 2}"
6351,"Afghanistan tour of Bangladesh, 2023",2023,International,,2,0,"{""TEST"": 1, ""ODI"": 3, ""T20"": 2}"
6920,"Afghanistan tour of India, 2024",2024,International,,3,0,"{""T20"": 3}"
2696,"Afghanistan tour of Ireland, 2018",2018,International,,3,0,"{""T20"": 3, ""ODI"": 3}"
4079,"Afghanistan tour of Ireland, 2022",2022,International,,5,0,"{""T20"": 5}"
11179,"Afghanistan tour of Qatar, 2025",2025,International,,1,0,"{""T20"": 1}"
7481,"Afghanistan tour of Sri Lanka, 2024",2024,International,,3,0,"{""TEST"": 1, ""ODI"": 3, ""T20"": 3}"
7404,Afghanistan tour of United Arab Emirates 2023-24,2023,International,,3,0,"{""T20"": 3}"
2537,"Afghanistan tour of United Arab Emirates, 2016",2016,International,,3,0,"{""T20"": 3}"
5896,"Afghanistan tour of United Arab Emirates, 2023",2023,International,,3,0,"{""T20"": 3}"
2578,"Afghanistan tour of West Indies, 2017",2017,International,,4,0,"{""T20"": 4, ""ODI"": 3}"
11052,Afghanistan tour of Zimbabwe 2025,2025,International,,3,0,"{""TEST"": 1, ""T20"": 3}"
2386,"Afghanistan tour of Zimbabwe, 2015",2015,International,,2,0,"{""ODI"": 5, ""T20"": 2}"
4156,"Afghanistan tour of Zimbabwe, 2022",2022,International,,3,0,"{""ODI"": 3, ""T20"": 3}"
9171,"Afghanistan tour of Zimbabwe, 2024-25",2024,International,,3,0,"{""T20"": 3, ""ODI"": 3, ""TEST"": 2}"
2708,"Afghanistan v Bangladesh in India, 2018",2018,International,,3,0,"{""T20"": 3}"
2493,"Afghanistan v Ireland in India, 2017",2017,International,,3,0,"{""T20"": 3, ""ODI"": 5}"
2779,"Afghanistan v Ireland in India, 2019",2019,International,,3,0,"{""T20"": 3, ""ODI"": 5, ""TEST"": 1}"
3113,"Afghanistan v Ireland in India, 2020",2020,International,,3,0,"{""T20"": 3}"
7485,"Afghanistan v Ireland in UAE, 2024",2024,International,,3,0,"{""TEST"": 1, ""ODI"": 3, ""T20"": 3}"
5987,"Afghanistan v Pakistan in UAE, 2023",2023,International,,3,0,"{""T20"": 3}"
2178,Afghanistan v Scotland T20Is at Sharjah 2013,2013,International,,2,0,"{""T20"": 2}"
2871,"Afghanistan v West Indies in India, 2019",2019,International,,3,0,"{""ODI"": 3, ""T20"": 3, ""TEST"": 1}"
11176,"Afghanistan v West Indies in UAE, 2026",2026,International,,3,0,"{""T20"": 3}"
2647,"Afghanistan v Zimbabwe in UAE, 2018",2018,International,,2,0,"{""T20"": 2, ""ODI"": 5}"
3433,"Afghanistan v Zimbabwe in UAE, 2021",2021,International,,3,0,"{""TEST"": 2, ""T20"": 3}"
10840,Afghanistan vs Bangladesh in UAE 2025,2025,International,,3,0,"{""T20"": 3, ""ODI"": 3}"
12973,Afghanistan vs India in India 2026,2026,International,,3,0,"{""T20"": 3}"
2240,"Afghanistan vs Kenya in UAE, 2013",2013,International,,2,0,"{""T20"": 2}"
13201,"Afghanistan vs Zimbabwe in UAE, 2026",2026,International,,3,0,"{""T20"": 3, ""TEST"": 2}"
6589,Africa Continental Cup 2023,2023,International,,19,0,"{""T20"": 19}"
9289,Africa Continental Cup 2024,2024,International,,19,0,"{""T20"": 19}"
13121,Africa Continental Cup 2026,2026,International,,21,0,"{""T20"": 21}"
10587,Asia Cup 2025,2025,International,,19,0,"{""T20"": 19}"
4506,"Asia Cup Qualifier, 2022",2022,International,,6,0,"{""T20"": 6}"
2434,"Asia Cup Qualifiers, 2016",2016,International,,6,0,"{""T20"": 6}"
2431,"Asia Cup, 2016",2016,International,,11,0,"{""T20"": 11}"
4499,"Asia Cup, 2022",2022,International,,13,0,"{""T20"": 13}"
10421,Asia Pacific Cricket Champions Trophy 2025,2025,International,,13,0,"{""T20"": 13}"
12563,Asian Games 2026,2026,International,,20,0,"{""T20"": 20}"
2312,"Asian Games Men's Cricket Competition, 2014",2014,International,,4,0,"{""T20"": 4}"
12453,"Asian Games Men's T20I Qualifier, 2026",2026,International,,13,0,"{""T20"": 13}"
7163,Asian Games Mens T20I 2023,2023,International,,17,0,"{""T20"": 17}"
2687,"Australia and Pakistan in Zimbabwe T20I Tri-Series, 2018",2018,International,,7,0,"{""T20"": 7}"
401,"Australia in England T20I Match, 2005",2005,International,,1,0,"{""T20"": 1}"
440,"Australia in England T20I Series, 2009",2009,International,,2,0,"{""T20"": 2}"
416,"Australia in India T20I Match, 2007",2007,International,,1,0,"{""T20"": 1}"
400,"Australia in New Zealand T20I Match, 2005",2005,International,,1,0,"{""T20"": 1}"
452,"Australia in New Zealand T20I Series, 2010",2010,International,,2,0,"{""T20"": 2}"
2063,Australia in South Africa 2011,2011,International,,2,0,"{""T20"": 2, ""ODI"": 3, ""TEST"": 2}"
405,"Australia in South Africa T20I Match, 2006",2006,International,,1,0,"{""T20"": 1}"
435,"Australia in South Africa T20I Series, 2009",2009,International,,2,0,"{""T20"": 2}"
2065,Australia in Sri Lanka 2011,2011,International,,2,0,"{""T20"": 2, ""ODI"": 5, ""TEST"": 3}"
2137,"Australia in UAE, 2012",2012,International,,3,0,"{""ODI"": 4, ""T20"": 3}"
2110,Australia in West Indies 2012,2012,International,,2,0,"{""ODI"": 5, ""T20"": 2, ""TEST"": 3}"
424,"Australia in West Indies T20I Match, 2008",2008,International,,1,0,"{""T20"": 1}"
3591,"Australia tour of Bangladesh, 2021",2021,International,,5,0,"{""T20"": 5}"
12063,"Australia tour of Bangladesh, 2026",2026,International,,3,0,"{""ODI"": 3, ""T20"": 3}"
2287,"Australia tour of England, 2015",2015,International,,1,0,"{""T20"": 1, ""ODI"": 5}"
2618,"Australia tour of England, 2018",2018,International,,1,0,"{""ODI"": 7, ""T20"": 1}"
2887,"Australia tour of England, 2020",2020,International,,6,0,"{""T20"": 6, ""ODI"": 4}"
6794,"Australia tour of England, 2024",2024,International,,3,0,"{""T20"": 3, ""ODI"": 5}"
2203,Australia tour of India 2013,2013,International,,1,0,"{""T20"": 1, ""ODI"": 7}"
2614,"Australia tour of India, 2017",2017,International,,3,0,"{""ODI"": 6, ""T20"": 3}"
2773,"Australia tour of India, 2019",2019,International,,2,0,"{""T20"": 2, ""ODI"": 5}"
4464,"Australia tour of India, 2022",2022,International,,3,0,"{""T20"": 3}"
7233,"Australia tour of India, 2023",2023,International,,5,0,"{""T20"": 5}"
3280,"Australia tour of New Zealand, 2021",2021,International,,5,0,"{""T20"": 5}"
6899,"Australia tour of New Zealand, 2024",2024,International,,3,0,"{""T20"": 3, ""TEST"": 2}"
10201,"Australia tour of New Zealand, 2025",2025,International,,3,0,"{""T20"": 3}"
3863,"Australia tour of Pakistan, 2022",2022,International,,1,0,"{""TEST"": 3, ""ODI"": 3, ""T20"": 1}"
11429,"Australia tour of Pakistan, 2026",2026,International,,3,0,"{""T20"": 3}"
8552,"Australia tour of Scotland, 2024",2024,International,,3,0,"{""T20"": 3}"
2205,Australia tour of South Africa 2014,2014,International,,3,0,"{""TEST"": 3, ""T20"": 3}"
2342,"Australia tour of South Africa, 2016",2016,International,,3,0,"{""T20"": 3}"
2839,"Australia tour of South Africa, 2020",2020,International,,3,0,"{""T20"": 3, ""ODI"": 3}"
6242,"Australia tour of South Africa, 2023",2023,International,,3,0,"{""T20"": 3, ""ODI"": 5}"
2438,"Australia tour of Sri Lanka, 2016",2016,International,,2,0,"{""TEST"": 3, ""ODI"": 5, ""T20"": 2}"
4086,"Australia tour of Sri Lanka, 2022",2022,International,,3,0,"{""T20"": 3, ""ODI"": 5, ""TEST"": 2}"
2143,Australia tour of UK 2013,2013,International,,2,0,"{""T20"": 2, ""ODI"": 6}"
3522,"Australia tour of West Indies, 2021",2021,International,,5,0,"{""T20"": 5, ""ODI"": 4}"
9408,"Australia tour of West Indies, 2025",2025,International,,5,0,"{""TEST"": 3, ""T20"": 5}"
436,"Australia v Pakistan T20I Match, 2009",2009,International,,1,0,"{""T20"": 1}"
2751,"Australia v Pakistan in UAE, 2018",2018,International,,3,0,"{""TEST"": 3, ""T20"": 3}"
11718,Austria tour of Cyprus 2026,2026,International,,4,0,"{""T20"": 4}"
12100,"Austria tour of Germany, 2026",2026,International,,5,0,"{""T20"": 5}"
12661,"Austria tour of Hungary, 2026",2026,International,,3,0,"{""T20"": 3}"
6683,"Austria tour of Isle of Man, 2023",2023,International,,3,0,"{""T20"": 3}"
11078,"Austria tour of Romania, 2025",2025,International,,4,0,"{""T20"": 4}"
6669,"Austria v Germany in Netherlands, 2023",2023,International,,2,0,"{""T20"": 2}"
4140,"Bahamas tour of Cayman Islands, 2022",2022,International,,5,0,"{""T20"": 5}"
11132,"Bahrain tour of Bhutan, 2025",2025,International,,5,0,"{""T20"": 5}"
9426,"Bahrain tour of Indonesia, 2025",2025,International,,5,0,"{""T20"": 5}"
11198,"Bahrain tour of Indonesia, 2025",2025,International,,3,0,"{""T20"": 3}"
12880,"Bahrain tour of Kenya, 2026",2026,International,,2,0,"{""T20"": 2}"
11689,"Bahrain tour of Malaysia, 2026",2026,International,,3,0,"{""T20"": 3}"
11528,Bahrain tour of Qatar 2026,2026,International,,5,0,"{""T20"": 5}"
9453,"Bahrain tour of Singapore, 2025",2025,International,,5,0,"{""T20"": 5}"
4553,"Bahrain v Kuwait in Oman T20I Series, 2022",2022,International,,5,0,"{""T20"": 5}"
2733,"Bangladesh A tour of Ireland, 2018",2018,International,,4,0,"{""ODI"": 5, ""T20"": 4}"
2270,"Bangladesh Tour of West Indies, 2014",2014,International,,1,0,"{""ODI"": 3, ""T20"": 1, ""TEST"": 2}"
2881,Bangladesh Tri-Series 2019,2019,International,,8,0,"{""T20"": 8}"
2133,"Bangladesh in Ireland T20I Series, 2012",2012,International,,3,0,"{""T20"": 3}"
445,"Bangladesh in New Zealand T20I Match, 2010",2010,International,,1,0,"{""T20"": 1}"
422,"Bangladesh in Pakistan T20I Match, 2008",2008,International,,1,0,"{""T20"": 1}"
428,"Bangladesh in South Africa T20I Match, 2008",2008,International,,1,0,"{""T20"": 1}"
438,"Bangladesh in West Indies T20I Match, 2009",2009,International,,1,0,"{""T20"": 1}"
2846,"Bangladesh tour of India, 2019",2019,International,,3,0,"{""T20"": 3, ""TEST"": 2}"
8393,"Bangladesh tour of India, 2024",2024,International,,3,0,"{""TEST"": 2, ""T20"": 3}"
13213,"Bangladesh tour of Nepal, 2027",2027,International,,3,0,"{""T20"": 3}"
2134,"Bangladesh tour of Netherlands, 2012",2012,International,,3,0,"{""T20"": 3}"
2459,"Bangladesh tour of New Zealand, 2016-17",2016,International,,3,0,"{""ODI"": 3, ""T20"": 3, ""TEST"": 2}"
3285,"Bangladesh tour of New Zealand, 2021",2021,International,,3,0,"{""ODI"": 3, ""T20"": 3}"
6878,"Bangladesh tour of New Zealand, 2023",2023,International,,3,0,"{""ODI"": 3, ""T20"": 3}"
3041,"Bangladesh tour of Pakistan, 2020",2020,International,,3,0,"{""T20"": 3, ""TEST"": 2, ""ODI"": 1}"
9785,"Bangladesh tour of Pakistan, 2025",2025,International,,3,0,"{""T20"": 3}"
2546,"Bangladesh tour of South Africa, 2017",2017,International,,2,0,"{""TEST"": 2, ""ODI"": 3, ""T20"": 2}"
11606,"Bangladesh tour of South Africa, 2026",2026,International,,3,0,"{""TEST"": 2, ""ODI"": 3, ""T20"": 3}"
2175,Bangladesh tour of Sri Lanka 2013,2013,International,,1,0,"{""TEST"": 2, ""ODI"": 3, ""T20"": 1}"
2569,"Bangladesh tour of Sri Lanka, 2017",2017,International,,2,0,"{""TEST"": 3, ""ODI"": 4, ""T20"": 2}"
9809,"Bangladesh tour of Sri Lanka, 2025",2025,International,,3,0,"{""TEST"": 2, ""ODI"": 3, ""T20"": 3}"
9800,"Bangladesh tour of UAE, 2025",2025,International,,3,0,"{""T20"": 3}"
7700,"Bangladesh tour of USA, 2024",2024,International,,3,0,"{""T20"": 3}"
4728,"Bangladesh tour of United Arab Emirates, 2022",2022,International,,2,0,"{""T20"": 2}"
2709,"Bangladesh tour of West Indies, 2018",2018,International,,3,0,"{""TEST"": 3, ""ODI"": 4, ""T20"": 3}"
4212,"Bangladesh tour of West Indies, 2022",2022,International,,3,0,"{""TEST"": 2, ""T20"": 3, ""ODI"": 3}"
8116,"Bangladesh tour of West Indies, 2024",2024,International,,3,0,"{""TEST"": 3, ""ODI"": 3, ""T20"": 3}"
2182,Bangladesh tour of Zimbabwe 2013,2013,International,,2,0,"{""TEST"": 2, ""ODI"": 3, ""T20"": 2}"
3561,"Bangladesh tour of Zimbabwe, 2021",2021,International,,3,0,"{""TEST"": 2, ""ODI"": 4, ""T20"": 3}"
4427,"Bangladesh tour of Zimbabwe, 2022",2022,International,,3,0,"{""T20"": 3, ""ODI"": 3}"
12354,"Bangladesh tour of Zimbabwe, 2026",2026,International,,3,0,"{""TEST"": 1, ""ODI"": 3, ""T20"": 3}"
414,"Bangladesh, Kenya, Pakistan, Uganda in Kenya, 2007",2007,International,,3,0,"{""T20"": 3}"
10746,Belgium tour of Austria 2025,2025,International,,4,0,"{""T20"": 4}"
8247,"Belgium tour of Austria, 2024",2024,International,,4,0,"{""T20"": 4}"
6599,"Belgium tour of Germany, 2023",2023,International,,4,0,"{""T20"": 4}"
8196,Belgium tour of Malta 2021,2021,International,,5,0,"{""T20"": 5}"
5952,"Bermuda tour of Argentina, 2023",2023,International,,2,0,"{""T20"": 2}"
425,"Bermuda, Canada, Ireland, Kenya, Netherlands, Scotland in Ireland, 2008",2008,International,,11,0,"{""T20"": 11}"
2884,"Botswana tour of Namibia, 2019",2019,International,,4,0,"{""T20"": 4}"
11220,Brazil tour of Argentina 2025,2025,International,,5,0,"{""T20"": 5}"
6659,Bulgaria Quadrangular Series 2023,2023,International,,8,0,"{""T20"": 8}"
10190,Bulgaria T20I Tri-Series 2025,2025,International,,7,0,"{""T20"": 7}"
11069,Bulgaria tour of Cyprus 2025,2025,International,,2,0,"{""T20"": 2}"
12173,Bulgaria tour of Romania 2026,2026,International,,5,0,"{""T20"": 5}"
4434,"Bulgaria tour of Serbia, 2022",2022,International,,3,0,"{""T20"": 3}"
7264,Cambodia tour of Indonesia 2023,2023,International,,7,0,"{""T20"": 7}"
9981,"Cambodia tour of Indonesia, 2025",2025,International,,7,0,"{""T20"": 7}"
11377,"Cambodia tour of Indonesia, 2025",2025,International,,9,0,"{""T20"": 9}"
8955,Canada T20I Tri-Series 2024,2024,International,,6,0,"{""T20"": 6}"
9523,"Canada tour of Namibia, 2025",2025,International,,5,0,"{""T20"": 5}"
2181,Canada tour of UAE 2013,2013,International,,2,0,"{""T20"": 2}"
7693,"Canada tour of USA, 2024",2024,International,,5,0,"{""T20"": 5}"
2081,Champions League T20 2011 Qualifiers,2011,International,,6,0,"{""T20"": 6}"
7026,Continental Cup 2021,2021,International,,11,0,"{""T20"": 11}"
6997,Continental Cup 2023,2023,International,,5,0,"{""T20"": 5}"
8166,Continental Cup 2024,2024,International,,8,0,"{""T20"": 8}"
12617,Continental Cup 2026,2026,International,,9,0,"{""T20"": 9}"
10157,"Continental Cup, 2025",2025,International,,11,0,"{""T20"": 11}"
9731,"Cook Islands tour of Japan, 2025",2025,International,,2,0,"{""T20"": 2}"
2391,"Cricket All-Stars Series, 2015",2015,International,,3,0,"{""T20"": 3}"
11364,"Croatia tour of Spain, 2025",2025,International,,5,0,"{""T20"": 5}"
7995,Cyprus T20 Tri-Series 2021,2021,International,,6,0,"{""T20"": 6}"
11062,Cyprus Tri-Series 2025,2025,International,,6,0,"{""T20"": 6}"
10598,Cyprus tour of Croatia 2025,2025,International,,4,0,"{""T20"": 4}"
10719,Czech Republic tour of Romania 2025,2025,International,,4,0,"{""T20"": 4}"
5022,Desert Cup T20I Series 2022,2022,International,,14,0,"{""T20"": 14}"
5225,East Africa T20I Series 2022,2022,International,,18,0,"{""T20"": 18}"
7558,East Asia Cup 2024,2024,International,,7,0,"{""T20"": 7}"
7383,East-West Africa Cup Qualifiers 2023,2023,International,,9,0,"{""T20"": 9}"
2404,"England Lions v Pakistan A in UAE, 2015-16",2015,International,,6,0,"{""T20"": 6, ""ODI"": 5}"
2765,"England Lions v Pakistan A in UAE, 2018",2018,International,,2,0,"{""TEST"": 1, ""ODI"": 5, ""T20"": 2}"
13137,"England Lions v Sri Lanka T20 Series, 2026",2026,International,,2,0,"{""T20"": 2}"
1640,"England in Australia ODI Series, 2010-11",2011,International,,2,0,"{""T20"": 2, ""ODI"": 7}"
411,"England in Australia T20I Match, 2007",2007,International,,1,0,"{""T20"": 1}"
2082,England in India 2011,2011,International,,1,0,"{""ODI"": 5, ""T20"": 1}"
421,"England in New Zealand T20I Series, 2008",2008,International,,2,0,"{""T20"": 2}"
2102,England in Pakistan 2012,2012,International,,3,0,"{""TEST"": 3, ""ODI"": 4, ""T20"": 3}"
443,"England in South Africa T20I Series, 2009",2009,International,,2,0,"{""T20"": 2}"
434,"England in West Indies T20I Match, 2009",2009,International,,1,0,"{""T20"": 1}"
2195,England tour of  West Indies 2014,2014,International,,3,0,"{""ODI"": 3, ""T20"": 3}"
2167,England tour of Australia 2014,2014,International,,3,0,"{""ODI"": 5, ""T20"": 3}"
4247,"England tour of Australia, 2022",2022,International,,3,0,"{""T20"": 3, ""ODI"": 3}"
11876,"England tour of Australia, 2026",2026,International,,5,0,"{""ODI"": 3, ""T20"": 5}"
5276,"England tour of Bangladesh, 2023",2023,International,,3,0,"{""ODI"": 3, ""T20"": 3}"
2127,England tour of India 2012-13,2012,International,,2,0,"{""TEST"": 4, ""T20"": 2, ""ODI"": 5}"
2489,"England tour of India, 2016-17",2016,International,,3,0,"{""TEST"": 5, ""ODI"": 3, ""T20"": 3}"
3362,"England tour of India, 2021",2021,International,,5,0,"{""TEST"": 4, ""T20"": 5, ""ODI"": 3}"
8402,"England tour of India, 2025",2025,International,,5,0,"{""T20"": 5, ""ODI"": 3}"
8802,"England tour of Ireland, 2025",2025,International,,3,0,"{""T20"": 3}"
2144,England tour of New Zealand 2013,2013,International,,3,0,"{""T20"": 3, ""ODI"": 3, ""TEST"": 3}"
2851,"England tour of New Zealand, 2019",2019,International,,7,0,"{""T20"": 7, ""TEST"": 4}"
10212,"England tour of New Zealand, 2025",2025,International,,3,0,"{""T20"": 3, ""ODI"": 3}"
4492,"England tour of Pakistan, 2022",2022,International,,7,0,"{""T20"": 7, ""TEST"": 3}"
2402,"England tour of South Africa practice matches, 2015-16",2015,International,,1,0,"{""TEST"": 2, ""ODI"": 1, ""T20"": 1}"
2341,"England tour of South Africa, 2015-16",2015,International,,2,0,"{""TEST"": 4, ""ODI"": 5, ""T20"": 2}"
2838,"England tour of South Africa, 2019-20",2019,International,,3,0,"{""TEST"": 6, ""ODI"": 5, ""T20"": 3}"
3325,"England tour of South Africa, 2020",2020,International,,4,0,"{""ODI"": 5, ""T20"": 4}"
10774,England tour of Sri Lanka 2026,2026,International,,3,0,"{""ODI"": 3, ""T20"": 3}"
2683,"England tour of Sri Lanka, 2018",2018,International,,1,0,"{""ODI"": 7, ""T20"": 1, ""TEST"": 5}"
2755,"England tour of West Indies, 2019",2019,International,,3,0,"{""TEST"": 3, ""ODI"": 6, ""T20"": 3}"
3482,"England tour of West Indies, 2022",2022,International,,5,0,"{""T20"": 5, ""TEST"": 4}"
6228,"England tour of West Indies, 2023",2023,International,,5,0,"{""ODI"": 3, ""T20"": 5}"
8107,"England tour of West Indies, 2024",2024,International,,5,0,"{""ODI"": 3, ""T20"": 5}"
2540,"England, Australia, New Zealand T20I Tri-Series, 2018",2018,International,,8,0,"{""T20"": 8}"
8310,Estonia tour of Cyprus 2024,2024,International,,6,0,"{""T20"": 6}"
7954,"Estonia tour of Cyprus, 2021",2021,International,,2,0,"{""T20"": 2}"
4303,"Estonia tour of Finland, 2022",2022,International,,2,0,"{""T20"": 2}"
7004,Estonia tour of Gibraltar 2023,2023,International,,2,0,"{""T20"": 2}"
9719,"Estonia tour of Malta, 2025",2025,International,,3,0,"{""T20"": 3}"
12364,"Eswatini Tri Series, 2026",2026,International,,10,0,"{""T20"": 10}"
9507,Falkland Islands tour of Costa Rica 2025,2025,International,,6,0,"{""T20"": 6}"
12103,"Finland tour of Cyprus, 2026",2026,International,,4,0,"{""T20"": 4}"
2866,"Finland tour of Denmark, 2019",2019,International,,2,0,"{""T20"": 2}"
4168,"Finland tour of Denmark, 2022",2022,International,,3,0,"{""T20"": 3}"
10443,Finland tour of Estonia 2025,2025,International,,3,0,"{""T20"": 3}"
12963,"Finland tour of Germany, 2026",2026,International,,1,0,"{""T20"": 1}"
7914,Germany T20 Tri-Series 2021,2021,International,,7,0,"{""T20"": 7}"
4275,Germany T20I Tri-Series 2022,2022,International,,7,0,"{""T20"": 7}"
2823,"Germany tour of Belgium, 2019",2019,International,,3,0,"{""T20"": 3}"
12510,"Germany tour of Denmark, 2026",2026,International,,4,0,"{""T20"": 4}"
2929,"Germany tour of Spain, 2020",2020,International,,2,0,"{""T20"": 2}"
8188,"Germany tour of Spain, 2021",2021,International,,3,0,"{""T20"": 3}"
6955,"Germany v Guernsey in Netherlands, 2023",2023,International,,3,0,"{""T20"": 3}"
2821,"Germany v Italy T20I Series in Netherlands, 2019",2019,International,,2,0,"{""T20"": 2}"
8182,Ghana tour of Rwanda 2021,2021,International,,5,0,"{""T20"": 5}"
6193,Gibraltar T20I Tri-Series 2023,2023,International,,9,0,"{""T20"": 9}"
3808,"Gibraltar tour of Malta, 2021",2021,International,,2,0,"{""T20"": 2}"
12034,"Gibraltar tour of Malta, 2026",2026,International,,6,0,"{""T20"": 6}"
6155,"Gibraltar tour of Portugal, 2023",2023,International,,3,0,"{""T20"": 3}"
8294,"Guernsey tour of Belgium, 2024",2024,International,,4,0,"{""T20"": 4}"
9954,"Guernsey tour of Jersey, 2025",2025,International,,3,0,"{""T20"": 3}"
7135,Gulf Cricket T20I Championship 2023,2023,International,,16,0,"{""T20"": 16}"
9297,"Gulf Cricket T20I Championship, 2024",2024,International,,16,0,"{""T20"": 16}"
5966,Hong Kong Quadrangular Series 2023,2023,International,,8,0,"{""T20"": 8}"
9647,"Hong Kong T20I Quadrangular Series, 2025",2025,International,,8,0,"{""T20"": 8}"
7644,"Hong Kong T20I Tri-Series, 2024",2024,International,,5,0,"{""T20"": 5}"
2450,"Hong Kong tour of Ireland, 2016",2016,International,,2,0,"{""T20"": 2}"
3084,"Hong Kong tour of Malaysia, 2020",2020,International,,5,0,"{""T20"": 5}"
7618,Hong Kong tour of Qatar 2024,2024,International,,3,0,"{""T20"": 3}"
11183,Hong Kong tour of Qatar 2025,2025,International,,2,0,"{""T20"": 2}"
2318,"Hong Kong tour of Sri Lanka, 2014",2014,International,,5,0,"{""T20"": 5}"
13080,"Hong Kong, China tour of Japan 2026",2026,International,,2,0,"{""T20"": 2}"
4226,"Hungary tour of Austria, 2022",2022,International,,3,0,"{""T20"": 3}"
11570,"ICC Men's T20 2028 World Cup Americas Sub Regional Qualifier B, 2026",2026,International,,12,0,"{""T20"": 12}"
11253,ICC Men's T20 World Cup 2026,2026,International,,55,0,"{""T20"": 55}"
7317,ICC Men's T20 World Cup Africa Region Final 2019,2019,International,,15,0,"{""T20"": 15}"
11627,"ICC Men's T20 World Cup Africa Sub Regional Qualifier B, 2026",2026,International,,15,0,"{""T20"": 15}"
7051,ICC Men's T20 World Cup Asia Region Final 2019,2019,International,,10,0,"{""T20"": 10}"
13257,ICC Men's T20 World Cup Asia Sub Regional Qualifier B 2026,2026,International,,15,0,"{""T20"": 15}"
13267,ICC Men's T20 World Cup Asia Sub Regional Qualifier C 2026,2026,International,,15,0,"{""T20"": 15}"
12004,ICC Men's T20 World Cup East Asia Pacific Qualifier 2026,2026,International,,21,0,"{""T20"": 21}"
12134,ICC Men's T20 World Cup Europe Sub Regional Qualifier A 2026,2026,International,,24,0,"{""T20"": 24}"
12662,"ICC Men's T20 World Cup Europe Sub Regional Qualifier B, 2026",2026,International,,20,0,"{""T20"": 20}"
12356,ICC Men's T20 World Cup Sub Regional Africa Qualifier Group A 2026,2026,International,,21,0,"{""T20"": 21}"
12740,ICC Men's T20 World Cup Sub Regional Europe Qualifier C 2026,2026,International,,24,0,"{""T20"": 24}"
11515,ICC Men's T20 World Cup Warm up Matches 2026,2026,International,,16,0,"{""T20"": 16}"
2798,ICC Mens T20 World Cup 2021,2021,International,,45,0,"{""T20"": 45}"
3961,ICC Mens T20 World Cup 2022,2022,International,,45,0,"{""T20"": 45}"
7476,ICC Mens T20 World Cup 2024,2024,International,,55,0,"{""T20"": 55}"
3893,ICC Mens T20 World Cup Africa Qualifier 2021,2021,International,,12,0,"{""T20"": 12}"
7268,ICC Mens T20 World Cup Africa Region Qualifier 2023,2023,International,,21,0,"{""T20"": 21}"
10944,ICC Mens T20 World Cup Africa Regional Final 2025,2025,International,,20,0,"{""T20"": 20}"
8835,ICC Mens T20 World Cup Africa Sub Regional Qualifier A 2024,2024,International,,15,0,"{""T20"": 15}"
9132,ICC Mens T20 World Cup Africa Sub Regional Qualifier C 2024,2024,International,,15,0,"{""T20"": 15}"
5959,ICC Mens T20 World Cup Americas Qualifier 2023,2023,International,,10,0,"{""T20"": 10}"
7376,ICC Mens T20 World Cup Americas Region Final 2019,2019,International,,12,0,"{""T20"": 12}"
7180,ICC Mens T20 World Cup Americas Region Final 2023,2023,International,,12,0,"{""T20"": 12}"
9992,ICC Mens T20 World Cup Americas Region Final 2025,2025,International,,12,0,"{""T20"": 12}"
8026,ICC Mens T20 World Cup Americas Region Qualifier 2021,2021,International,,21,0,"{""T20"": 21}"
12565,ICC Mens T20 World Cup Americas Sub Regional Qualifier 2026,2026,International,,10,0,"{""T20"": 10}"
9265,"ICC Mens T20 World Cup Americas Sub Regional Qualifier, 2024",2024,International,,36,0,"{""T20"": 36}"
8485,ICC Mens T20 World Cup Asia A Qualifier 2021,2021,International,,10,0,"{""T20"": 10}"
8764,ICC Mens T20 World Cup Asia Qualifier A 2024,2024,International,,21,0,"{""T20"": 21}"
6687,ICC Mens T20 World Cup Asia Qualifier B 2023,2023,International,,10,0,"{""T20"": 10}"
9129,ICC Mens T20 World Cup Asia Qualifier B 2024,2024,International,,21,0,"{""T20"": 21}"
6340,ICC Mens T20 World Cup East Asia Pacific Qualifier 2023,2023,International,,12,0,"{""T20"": 12}"
10625,ICC Mens T20 World Cup East Asia Pacific Qualifier 2025,2025,International,,21,0,"{""T20"": 21}"
4623,"ICC Mens T20 World Cup East Asia Pacific Qualifier A, 2022",2022,International,,12,0,"{""T20"": 12}"
4625,"ICC Mens T20 World Cup East Asia Pacific Qualifier B, 2022",2022,International,,6,0,"{""T20"": 6}"
3793,ICC Mens T20 World Cup Europe Qualifier 2021,2021,International,,12,0,"{""T20"": 12}"
6333,ICC Mens T20 World Cup Europe Qualifier 2023,2023,International,,21,0,"{""T20"": 21}"
10108,ICC Mens T20 World Cup Europe Qualifier 2025,2025,International,,10,0,"{""T20"": 10}"
4324,ICC Mens T20 World Cup Europe Qualifier Group A 2022,2022,International,,24,0,"{""T20"": 24}"
4329,ICC Mens T20 World Cup Europe Qualifier Group B 2022,2022,International,,24,0,"{""T20"": 24}"
4317,ICC Mens T20 World Cup Europe Qualifier Group C 2022,2022,International,,20,0,"{""T20"": 20}"
8319,ICC Mens T20 World Cup Europe Region Final 2019,2019,International,,15,0,"{""T20"": 15}"
2900,ICC Mens T20 World Cup Qualifier 2019,2019,International,,51,0,"{""T20"": 51}"
3976,ICC Mens T20 World Cup Qualifier A 2022,2022,International,,20,0,"{""T20"": 20}"
4364,ICC Mens T20 World Cup Qualifier B 2022,2022,International,,20,0,"{""T20"": 20}"
5024,ICC Mens T20 World Cup Sub Regional Africa Qualifier A 2022,2022,International,,28,0,"{""T20"": 28}"
5029,ICC Mens T20 World Cup Sub Regional Africa Qualifier B 2022,2022,International,,28,0,"{""T20"": 28}"
7990,ICC Mens T20 World Cup Sub Regional Africa Qualifier Group A 2021,2021,International,,21,0,"{""T20"": 21}"
8267,"ICC Mens T20 World Cup Sub Regional Africa Qualifier Group B, 2021",2021,International,,10,0,"{""T20"": 10}"
9041,"ICC Mens T20 World Cup Sub Regional Africa Qualifier Group B, 2024",2024,International,,15,0,"{""T20"": 15}"
7158,ICC Mens T20 World Cup Sub Regional Asia Qualifier A 2023,2023,International,,12,0,"{""T20"": 12}"
8587,"ICC Mens T20 World Cup Sub Regional East Asia-Pacific Qualifier A, 2024",2024,International,,12,0,"{""T20"": 12}"
8598,"ICC Mens T20 World Cup Sub Regional East Asia-Pacific Qualifier B, 2024",2024,International,,12,0,"{""T20"": 12}"
8256,"ICC Mens T20 World Cup Sub Regional Europe Qualifier A, 2024",2024,International,,24,0,"{""T20"": 24}"
8337,"ICC Mens T20 World Cup Sub Regional Europe Qualifier B, 2024",2024,International,,22,0,"{""T20"": 22}"
8596,"ICC Mens T20 World Cup Sub Regional Europe Qualifier C, 2024",2024,International,,24,0,"{""T20"": 24}"
4674,ICC Mens T20 World Cup Warm-up Matches 2022,2022,International,,15,0,"{""T20"": 15}"
8204,ICC Mens T20 World Cup Warm-up Matches 2024,2024,International,,15,0,"{""T20"": 15}"
3672,"ICC Mens T20 World Cup Warm-up Matches, 2021",2021,International,,16,0,"{""T20"": 16}"
7231,ICC Mens T20I World Cup Asia Finals 2023,2023,International,,15,0,"{""T20"": 15}"
2114,ICC World T20 2012,2012,International,,27,0,"{""T20"": 27}"
2151,ICC World T20 2012 Warm Up,2012,International,,12,0,"{""T20"": 12}"
449,"ICC World T20 Qualifier, 2010",2010,International,,9,0,"{""T20"": 9}"
2266,ICC World T20 Warm up Matches 2014,2014,International,,8,0,"{""T20"": 8}"
2409,"ICC World T20 Warm up matches, 2016",2016,International,,16,0,"{""T20"": 16}"
415,"ICC World T20, 2007",2007,International,,27,0,"{""T20"": 27}"
437,"ICC World T20, 2009",2009,International,,27,0,"{""T20"": 27}"
454,"ICC World T20, 2010",2010,International,,27,0,"{""T20"": 27}"
2263,"ICC World T20, 2016",2016,International,,35,0,"{""T20"": 35}"
2227,ICC World Twenty20 Qualifier 2013,2013,International,,10,0,"{""T20"": 10}"
2120,"ICC World Twenty20 Qualifier, 2011/12",2012,International,,13,0,"{""T20"": 13}"
2344,"ICC World Twenty20 Qualifier, 2015",2015,International,,19,0,"{""T20"": 19}"
12923,"India A tour of Nepal, 2026",2026,International,,3,0,"{""T20"": 3}"
2131,India A tour of West Indies 2012,2012,International,,2,0,"{""TEST"": 3, ""T20"": 2, ""ODI"": 3}"
2678,"India and Bangladesh in Sri Lanka T20I Tri-Series, 2018",2018,International,,7,0,"{""T20"": 7}"
420,"India in Australia T20I Match, 2008",2008,International,,1,0,"{""T20"": 1}"
2070,India in Australia T20I Series 2012,2012,International,,2,0,"{""T20"": 2}"
2086,India in England 2011 - Practice matches,2011,International,,1,0,"{""TEST"": 2, ""ODI"": 2, ""T20"": 1}"
1628,"India in England, 2011",2011,International,,1,0,"{""TEST"": 4, ""T20"": 1, ""ODI"": 5}"
433,"India in New Zealand T20I Series, 2009",2009,International,,2,0,"{""T20"": 2}"
409,"India in South Africa T20I Match, 2006",2006,International,,1,0,"{""T20"": 1}"
2121,"India in South Africa one-off T20I, 2012",2012,International,,1,0,"{""T20"": 1}"
1616,"India in South Africa, 2010-11",2010,International,,1,0,"{""TEST"": 3, ""T20"": 1, ""ODI"": 5}"
431,"India in Sri Lanka T20I Match, 2009",2009,International,,1,0,"{""T20"": 1}"
1645,"India in West Indies, 2011",2011,International,,1,0,"{""T20"": 1, ""ODI"": 5, ""TEST"": 3}"
2424,"India tour of Australia 2016, Practice matches",2016,International,,1,0,"{""T20"": 1, ""ODI"": 1}"
2352,"India tour of Australia, 2016",2016,International,,3,0,"{""ODI"": 5, ""T20"": 3}"
2699,"India tour of Australia, 2018-19",2018,International,,3,0,"{""T20"": 3, ""TEST"": 5, ""ODI"": 3}"
3213,"India tour of Australia, 2020-21",2020,International,,3,0,"{""ODI"": 3, ""T20"": 3, ""TEST"": 6}"
9596,"India tour of Australia, 2025",2025,International,,5,0,"{""ODI"": 3, ""T20"": 5}"
2233,India tour of England 2014,2014,International,,1,0,"{""TEST"": 5, ""ODI"": 5, ""T20"": 1}"
2619,"India tour of England, 2018",2018,International,,3,0,"{""T20"": 3, ""ODI"": 3, ""TEST"": 6}"
3636,"India tour of England, 2022",2022,International,,5,0,"{""TEST"": 2, ""T20"": 5, ""ODI"": 3}"
10532,"India tour of England, 2026",2026,International,,5,0,"{""T20"": 5, ""ODI"": 3}"
2671,"India tour of Ireland, 2018",2018,International,,2,0,"{""T20"": 2}"
4041,"India tour of Ireland, 2022",2022,International,,2,0,"{""T20"": 2}"
6836,"India tour of Ireland, 2023",2023,International,,3,0,"{""T20"": 3}"
11814,"India tour of Ireland, 2026",2026,International,,2,0,"{""T20"": 2}"
13110,"India tour of Japan, 2026",2026,International,,1,0,"{""T20"": 1}"
12543,India tour of New Zealand 2026,2026,International,,5,0,"{""T20"": 5, ""ODI"": 5, ""TEST"": 2}"
2740,"India tour of New Zealand, 2019",2019,International,,3,0,"{""ODI"": 5, ""T20"": 3}"
2852,"India tour of New Zealand, 2020",2020,International,,5,0,"{""T20"": 5, ""ODI"": 3, ""TEST"": 3}"
4399,"India tour of New Zealand, 2022",2022,International,,3,0,"{""T20"": 3, ""ODI"": 3}"
2632,"India tour of South Africa, 2017-18",2018,International,,3,0,"{""TEST"": 3, ""ODI"": 6, ""T20"": 3}"
6857,"India tour of South Africa, 2023-24",2023,International,,3,0,"{""T20"": 3, ""ODI"": 3, ""TEST"": 2}"
8404,"India tour of South Africa, 2024",2024,International,,4,0,"{""T20"": 4}"
2125,"India tour of Sri Lanka, 2012",2012,International,,1,0,"{""ODI"": 5, ""T20"": 1}"
2597,"India tour of Sri Lanka, 2017",2017,International,,1,0,"{""TEST"": 4, ""ODI"": 5, ""T20"": 1}"
3557,"India tour of Sri Lanka, 2021",2021,International,,4,0,"{""ODI"": 3, ""T20"": 4}"
8528,"India tour of Sri Lanka, 2024",2024,International,,3,0,"{""T20"": 3, ""ODI"": 3}"
2587,"India tour of West Indies, 2017",2017,International,,1,0,"{""ODI"": 5, ""T20"": 1}"
2856,"India tour of West Indies, 2019",2019,International,,3,0,"{""T20"": 3, ""ODI"": 3, ""TEST"": 3}"
4261,"India tour of West Indies, 2022",2022,International,,5,0,"{""ODI"": 3, ""T20"": 5}"
6582,"India tour of West Indies, 2023",2023,International,,5,0,"{""TEST"": 2, ""ODI"": 3, ""T20"": 5}"
11991,India tour of Zimbabwe 2026,2026,International,,3,0,"{""T20"": 3}"
2347,"India tour of Zimbabwe, 2015",2015,International,,2,0,"{""ODI"": 3, ""T20"": 2}"
2454,"India tour of Zimbabwe, 2016",2016,International,,3,0,"{""ODI"": 3, ""T20"": 3}"
7546,"India tour of Zimbabwe, 2024",2024,International,,5,0,"{""T20"": 5}"
11902,India v West Indies,2026,International,,5,0,"{""ODI"": 6, ""T20"": 5}"
2494,"India v West Indies in USA, 2016",2016,International,,2,0,"{""T20"": 2}"
10168,Indonesia T20I Tri-Series 2025,2025,International,,12,0,"{""T20"": 12}"
11108,Indonesia Tri-Series 2025,2025,International,,11,0,"{""T20"": 11}"
4807,"Indonesia tour of Japan, 2022",2022,International,,3,0,"{""T20"": 3}"
12052,"Indonesia tour of Malaysia, 2026",2026,International,,4,0,"{""T20"": 4}"
13281,"Indonesia tour of South Korea, 2026",2026,International,,4,0,"{""T20"": 4}"
6676,Inter-Insular Mens T20I Series 2023,2023,International,,3,0,"{""T20"": 3}"
3428,"Ireland A tour of Bangladesh, 2021",2021,International,,1,0,"{""TEST"": 1, ""ODI"": 5, ""T20"": 1}"
2898,Ireland T20I Tri-Series 2019,2019,International,,6,0,"{""T20"": 6}"
2258,"Ireland in West Indies, 2014",2014,International,,2,0,"{""T20"": 2, ""ODI"": 1}"
5490,"Ireland tour of Bangladesh, 2023",2023,International,,3,0,"{""ODI"": 4, ""T20"": 3, ""TEST"": 1}"
10972,"Ireland tour of Bangladesh, 2025",2025,International,,3,0,"{""TEST"": 2, ""T20"": 3}"
2119,"Ireland tour of Kenya, 2011/12",2012,International,,3,0,"{""T20"": 3}"
3866,"Ireland tour of USA, 2021",2021,International,,2,0,"{""T20"": 2, ""ODI"": 2}"
11273,Ireland tour of United Arab Emirates 2026,2026,International,,2,0,"{""T20"": 2}"
2429,"Ireland tour of United Arab Emirates, 2016",2016,International,,2,0,"{""T20"": 2}"
2911,"Ireland tour of West Indies, 2020",2020,International,,3,0,"{""ODI"": 4, ""T20"": 3}"
5213,"Ireland tour of Zimbabwe, 2023",2023,International,,3,0,"{""T20"": 3, ""ODI"": 3}"
7275,"Ireland tour of Zimbabwe, 2023",2023,International,,3,0,"{""T20"": 3, ""ODI"": 3}"
9331,"Ireland tour of Zimbabwe, 2025",2025,International,,3,0,"{""TEST"": 1, ""ODI"": 3, ""T20"": 3}"
2416,"Ireland v Papua New Guinea in Australia, 2016",2016,International,,3,0,"{""T20"": 3}"
7981,"Ireland v South Africa in UAE, 2024",2024,International,,2,0,"{""T20"": 2, ""ODI"": 3}"
11331,"Ireland vs Italy in UAE, 2026",2026,International,,3,0,"{""T20"": 3}"
12129,Isle of Man tour of Guernsey 2026,2026,International,,3,0,"{""T20"": 3}"
5847,"Isle of Man tour of Spain, 2023",2023,International,,6,0,"{""T20"": 6}"
9728,"Japan T20I Tri-Series, 2025",2025,International,,7,0,"{""T20"": 7}"
8260,"Jersey tour of Denmark, 2024",2024,International,,3,0,"{""T20"": 3}"
2840,"Jersey tour of Guernsey, 2019",2019,International,,3,0,"{""T20"": 3}"
4203,"Jersey tour of Guernsey, 2022",2022,International,,3,0,"{""T20"": 3}"
8413,"Jersey tour of Guernsey, 2024",2024,International,,3,0,"{""T20"": 3}"
2910,"Jersey tour of Qatar, 2019",2019,International,,3,0,"{""T20"": 3}"
7817,"Jersey tour of Spain, 2024",2024,International,,2,0,"{""T20"": 2}"
8382,Kenya Quadrangular Cup 2024,2024,International,,20,0,"{""T20"": 20}"
446,"Kenya T20 Tri-Series, 2010",2010,International,,2,0,"{""T20"": 2}"
2188,Kenya tour of Namibia 2013,2013,International,,1,0,"{""T20"": 1}"
2201,Kenya tour of Scotland 2013,2013,International,,2,0,"{""T20"": 2}"
11581,"Kuwait tour of Hong Kong, China, 2026",2026,International,,4,0,"{""T20"": 4}"
11016,"Kuwait tour of Oman, 2025",2025,International,,2,0,"{""T20"": 2}"
8522,"Kuwait tour of Qatar, 2019",2019,International,,3,0,"{""T20"": 3}"
11711,"Lesotho tour of Botswana, 2026",2026,International,,5,0,"{""T20"": 5}"
7790,"Lesotho tour of Eswatini, 2024",2024,International,,5,0,"{""T20"": 5}"
8213,Luxembourg T20 Tri-Series 2020,2020,International,,6,0,"{""T20"": 6}"
7212,Luxembourg tour of Gibraltar 2023,2023,International,,2,0,"{""T20"": 2}"
12761,Malawi Tri-Series 2026,2026,International,,10,0,"{""T20"": 10}"
7586,"Malaysia Open T20I Championship, 2024",2024,International,,12,0,"{""T20"": 12}"
4378,Malaysia Quadrangular Series 2022,2022,International,,13,0,"{""T20"": 13}"
5248,Malaysia Quadrangular Series 2022-23,2022,International,,14,0,"{""T20"": 14}"
9710,"Malaysia Quadrangular T20I Series, 2025",2025,International,,14,0,"{""T20"": 14}"
8686,"Malaysia T20I Tri Nations Cup, 2024",2024,International,,7,0,"{""T20"": 7}"
7149,Malaysia T20I Tri-Series 2023,2023,International,,6,0,"{""T20"": 6}"
9480,"Malaysia Tri-Nation T20I Series, 2025",2025,International,,7,0,"{""T20"": 7}"
2844,Malaysia Tri-Series 2019,2019,International,,6,0,"{""T20"": 6}"
4336,"Malaysia tour of Singapore, 2022",2022,International,,3,0,"{""T20"": 3}"
9375,"Malta T20I Tri-Series, 2025",2025,International,,6,0,"{""T20"": 6}"
4282,"Malta tour of Belgium, 2022",2022,International,,3,0,"{""T20"": 3}"
8125,Malta tour of Bulgaria 2020,2020,International,,4,0,"{""T20"": 4}"
2723,"Marylebone Cricket Club T20 Tri-Series, 2018",2018,International,,3,0,"{""T20"": 3}"
11848,"Mexico T20I Tri-Series, 2026",2026,International,,7,0,"{""T20"": 7}"
7896,"Mongolia tour of Japan, 2024",2024,International,,7,0,"{""T20"": 7}"
10917,Mozambique tour of Eswatini 2025,2025,International,,5,0,"{""T20"": 5}"
8154,"Mozambique tour of Eswatini, 2022",2022,International,,6,0,"{""T20"": 6}"
11141,"Myanmar tour of Bhutan, 2025",2025,International,,5,0,"{""T20"": 5}"
9146,"Myanmar tour of Indonesia, 2024",2024,International,,6,0,"{""T20"": 6}"
4392,Namibia T20 Tri-Series 2022,2022,International,,6,0,"{""T20"": 6}"
8947,Namibia T20I Tri-Series 2024,2024,International,,6,0,"{""T20"": 6}"
12569,Namibia T20I Tri-Series 2026,2026,International,,6,0,"{""T20"": 6}"
12933,Namibia T20I Tri-Series 2026,2026,International,,7,0,"{""T20"": 7}"
7727,"Namibia tour of Oman, 2024",2024,International,,5,0,"{""T20"": 5}"
10928,Namibia tour of Zimbabwe 2025,2025,International,,3,0,"{""T20"": 3}"
4149,"Namibia tour of Zimbabwe, 2022",2022,International,,5,0,"{""T20"": 5}"
3496,Nepal T20I Tri-Series 2021,2021,International,,7,0,"{""T20"": 7}"
4075,Nepal T20I Tri-Series 2022,2022,International,,7,0,"{""T20"": 7}"
7198,Nepal T20I Tri-Series 2023,2023,International,,7,0,"{""T20"": 7}"
7583,Nepal T20I Tri-Series 2024,2024,International,,7,0,"{""T20"": 7}"
4560,"Nepal tour of Kenya, 2022",2022,International,,5,0,"{""T20"": 5, ""ODI"": 3}"
2865,"Nepal tour of Malaysia, 2019",2019,International,,2,0,"{""T20"": 2}"
2343,"Nepal tour of Netherlands, 2015",2015,International,,4,0,"{""T20"": 4}"
2790,"Nepal tour of UAE, 2019",2019,International,,3,0,"{""ODI"": 3, ""T20"": 3}"
9043,Nepal tour of United States of America 2024,2024,International,,3,0,"{""T20"": 3}"
7819,"Netherlands T20I Tri-Series, 2024",2024,International,,6,0,"{""T20"": 6}"
8632,"Netherlands T20I Tri-Series, 2024",2024,International,,6,0,"{""T20"": 6}"
10647,Netherlands tour of Bangladesh 2025,2025,International,,3,0,"{""T20"": 3}"
3888,"Netherlands tour of New Zealand, 2022",2022,International,,2,0,"{""ODI"": 5, ""T20"": 2}"
9125,"Netherlands tour of Oman, 2024",2024,International,,3,0,"{""T20"": 3}"
4385,New Zealand T20I Tri-Series 2022,2022,International,,7,0,"{""T20"": 7}"
2269,"New Zealand Tour of West Indies, 2014",2014,International,,2,0,"{""TEST"": 3, ""T20"": 2}"
418,"New Zealand in Australia T20I Match, 2007",2007,International,,1,0,"{""T20"": 1}"
432,"New Zealand in Australia T20I Match, 2009",2009,International,,1,0,"{""T20"": 1}"
423,"New Zealand in England T20I Match, 2008",2008,International,,1,0,"{""T20"": 1}"
402,"New Zealand in South Africa T20I Match, 2005",2005,International,,1,0,"{""T20"": 1}"
417,"New Zealand in South Africa T20I Match, 2007",2007,International,,1,0,"{""T20"": 1}"
2153,New Zealand in Sri Lanka 2012,2012,International,,1,0,"{""T20"": 1, ""ODI"": 5, ""TEST"": 2}"
441,"New Zealand in Sri Lanka T20I Series, 2009",2009,International,,2,0,"{""T20"": 2}"
2092,New Zealand in Zimbabwe 2011,2011,International,,2,0,"{""T20"": 2, ""ODI"": 3, ""TEST"": 1}"
2236,New Zealand tour of Bangladesh 2013,2013,International,,1,0,"{""TEST"": 2, ""ODI"": 3, ""T20"": 1}"
3601,"New Zealand tour of Bangladesh, 2021",2021,International,,5,0,"{""T20"": 5}"
11733,"New Zealand tour of Bangladesh, 2026",2026,International,,3,0,"{""ODI"": 3, ""T20"": 3}"
2141,New Zealand tour of England 2013,2013,International,,2,0,"{""TEST"": 2, ""ODI"": 3, ""T20"": 2}"
12837,New Zealand tour of England 2027,2027,International,,3,0,"{""T20"": 3, ""ODI"": 5}"
2284,"New Zealand tour of England, 2015",2015,International,,1,0,"{""TEST"": 2, ""ODI"": 5, ""T20"": 1}"
4791,"New Zealand tour of England, 2023",2023,International,,6,0,"{""T20"": 6, ""ODI"": 4}"
2126,"New Zealand tour of India, 2012",2012,International,,2,0,"{""TEST"": 2, ""T20"": 2}"
2623,"New Zealand tour of India, 2017",2017,International,,3,0,"{""ODI"": 5, ""T20"": 3}"
3682,"New Zealand tour of India, 2021",2021,International,,3,0,"{""T20"": 3, ""TEST"": 2}"
5199,"New Zealand tour of India, 2023",2023,International,,3,0,"{""ODI"": 3, ""T20"": 3}"
10102,"New Zealand tour of India, 2026",2026,International,,5,0,"{""ODI"": 3, ""T20"": 5}"
4046,"New Zealand tour of Ireland, 2022",2022,International,,3,0,"{""ODI"": 3, ""T20"": 3}"
4107,"New Zealand tour of Netherlands, 2022",2022,International,,2,0,"{""T20"": 2}"
4896,"New Zealand tour of Pakistan, 2023",2023,International,,5,0,"{""T20"": 5, ""ODI"": 5}"
7679,"New Zealand tour of Pakistan, 2024",2024,International,,5,0,"{""T20"": 5}"
4091,"New Zealand tour of Scotland, 2022",2022,International,,2,0,"{""T20"": 2, ""ODI"": 1}"
2139,New Zealand tour of South Africa 2012-13,2012,International,,3,0,"{""T20"": 3, ""TEST"": 2, ""ODI"": 3}"
2340,"New Zealand tour of South Africa, 2015",2015,International,,2,0,"{""T20"": 2, ""ODI"": 3}"
2238,New Zealand tour of Sri Lanka 2013,2013,International,,2,0,"{""ODI"": 3, ""T20"": 2}"
2867,"New Zealand tour of Sri Lanka, 2019",2019,International,,4,0,"{""TEST"": 3, ""T20"": 4}"
9083,"New Zealand tour of Sri Lanka, 2024",2024,International,,2,0,"{""T20"": 2, ""ODI"": 3}"
2122,"New Zealand tour of USA and West Indies, 2012",2012,International,,2,0,"{""T20"": 2, ""ODI"": 5, ""TEST"": 2}"
5973,"New Zealand tour of United Arab Emirates, 2023",2023,International,,3,0,"{""T20"": 3}"
4268,"New Zealand tour of West Indies, 2022",2022,International,,3,0,"{""T20"": 3, ""ODI"": 3}"
2350,"New Zealand tour of Zimbabwe, 2015",2015,International,,1,0,"{""ODI"": 3, ""T20"": 1}"
249,"New Zealand v Sri Lanka T20I Series in USA, 2010",2010,International,,2,0,"{""T20"": 2}"
8476,Nigeria tour of Kenya 2024,2024,International,,5,0,"{""T20"": 5}"
6235,Nordic T20I Cup 2023,2023,International,,10,0,"{""T20"": 10}"
8332,Nordic T20I Cup 2024,2024,International,,3,0,"{""T20"": 3}"
10031,Nordic T20I Cup 2025,2025,International,,6,0,"{""T20"": 6}"
10658,Norway T20I Tri-Series 2025,2025,International,,3,0,"{""T20"": 3}"
10036,"Norway tour of Denmark, 2025",2025,International,,1,0,"{""T20"": 1}"
2791,Oman Quadrangular Series 2019,2019,International,,6,0,"{""T20"": 6}"
3971,Oman Quadrangular T20I Series 2022,2022,International,,6,0,"{""T20"": 6}"
2883,Oman T20I Series 2019,2019,International,,10,0,"{""T20"": 10}"
3352,"Pakistan A tour of New Zealand, 2020-21",2020,International,,5,0,"{""TEST"": 1, ""T20"": 5}"
11518,"Pakistan A v England Lions in UAE, 2026",2026,International,,3,0,"{""T20"": 3, ""ODI"": 5}"
2762,"Pakistan A vs New Zealand A in UAE, 2018",2018,International,,3,0,"{""T20"": 3, ""ODI"": 3, ""TEST"": 2}"
10906,Pakistan T20I Tri-Series 2025,2025,International,,7,0,"{""T20"": 7}"
237,"Pakistan Vs Australia in England, 2010",2010,International,,2,0,"{""T20"": 2, ""TEST"": 2}"
1612,"Pakistan Vs South Africa in UAE, 2010",2010,International,,2,0,"{""T20"": 2, ""ODI"": 5, ""TEST"": 2}"
448,"Pakistan in Australia T20I Match, 2010",2010,International,,1,0,"{""T20"": 1}"
2106,Pakistan in Bangladesh 2011,2011,International,,1,0,"{""T20"": 1, ""ODI"": 3, ""TEST"": 2}"
407,"Pakistan in England T20I Match, 2006",2006,International,,1,0,"{""T20"": 1}"
238,"Pakistan in England, 2010",2010,International,,2,0,"{""TEST"": 4, ""T20"": 2, ""ODI"": 5}"
2166,Pakistan in India 2012-13,2012,International,,2,0,"{""T20"": 2, ""ODI"": 3}"
1631,"Pakistan in New Zealand, 2010-11",2010,International,,3,0,"{""T20"": 3, ""TEST"": 2, ""ODI"": 6}"
2247,Pakistan in South Africa 2013,2013,International,,2,0,"{""T20"": 2, ""ODI"": 3}"
412,"Pakistan in South Africa T20I Match, 2007",2007,International,,1,0,"{""T20"": 1}"
439,"Pakistan in Sri Lanka T20I Match, 2009",2009,International,,1,0,"{""T20"": 1}"
1644,"Pakistan in West Indies, 2011",2011,International,,1,0,"{""T20"": 1, ""ODI"": 5, ""TEST"": 2}"
2088,Pakistan in Zimbabwe 2011,2011,International,,2,0,"{""TEST"": 1, ""ODI"": 3, ""T20"": 2}"
2828,"Pakistan tour of Australia, 2019",2019,International,,4,0,"{""T20"": 4, ""TEST"": 4}"
7781,"Pakistan tour of Australia, 2024",2024,International,,3,0,"{""ODI"": 3, ""T20"": 3}"
2334,"Pakistan tour of Bangladesh, 2015",2015,International,,1,0,"{""ODI"": 3, ""T20"": 1, ""TEST"": 2}"
3671,"Pakistan tour of Bangladesh, 2021",2021,International,,3,0,"{""T20"": 3, ""TEST"": 2}"
10256,"Pakistan tour of Bangladesh, 2025",2025,International,,3,0,"{""T20"": 3}"
2370,"Pakistan tour of England, 2016",2016,International,,1,0,"{""TEST"": 4, ""ODI"": 5, ""T20"": 1}"
2728,"Pakistan tour of England, 2019",2019,International,,1,0,"{""T20"": 1, ""ODI"": 5}"
2888,"Pakistan tour of England, 2020",2020,International,,3,0,"{""TEST"": 5, ""T20"": 3}"
3333,"Pakistan tour of England, 2021",2021,International,,3,0,"{""ODI"": 3, ""T20"": 3}"
6773,"Pakistan tour of England, 2024",2024,International,,4,0,"{""T20"": 4}"
7808,"Pakistan tour of Ireland, 2024",2024,International,,3,0,"{""T20"": 3}"
2373,"Pakistan tour of New Zealand, 2016",2016,International,,3,0,"{""T20"": 3, ""ODI"": 3}"
2603,"Pakistan tour of New Zealand, 2018",2018,International,,3,0,"{""ODI"": 6, ""T20"": 3}"
3275,"Pakistan tour of New Zealand, 2020-21",2020,International,,3,0,"{""T20"": 3, ""TEST"": 2}"
6885,"Pakistan tour of New Zealand, 2024",2024,International,,5,0,"{""T20"": 5}"
8562,"Pakistan tour of New Zealand, 2025",2025,International,,5,0,"{""T20"": 5, ""ODI"": 3}"
2625,"Pakistan tour of Scotland, 2018",2018,International,,2,0,"{""T20"": 2}"
2140,Pakistan tour of South Africa 2013,2013,International,,2,0,"{""TEST"": 3, ""T20"": 2, ""ODI"": 5}"
2691,"Pakistan tour of South Africa, 2018-19",2018,International,,3,0,"{""TEST"": 4, ""ODI"": 5, ""T20"": 3}"
3423,"Pakistan tour of South Africa, 2021",2021,International,,4,0,"{""ODI"": 3, ""T20"": 4}"
8044,"Pakistan tour of South Africa, 2024 -25",2024,International,,3,0,"{""T20"": 3, ""ODI"": 3, ""TEST"": 2}"
2124,"Pakistan tour of Sri Lanka, 2012",2012,International,,2,0,"{""T20"": 2, ""ODI"": 5, ""TEST"": 3}"
2337,"Pakistan tour of Sri Lanka, 2015",2015,International,,2,0,"{""TEST"": 3, ""ODI"": 5, ""T20"": 2}"
11317,"Pakistan tour of Sri Lanka, 2026",2026,International,,3,0,"{""T20"": 3}"
2820,"Pakistan tour of UK Practice Matches, 2019",2019,International,,1,0,"{""ODI"": 2, ""T20"": 1}"
2202,Pakistan tour of West Indies  2013,2013,International,,2,0,"{""ODI"": 5, ""T20"": 2}"
2552,"Pakistan tour of West Indies, 2017",2017,International,,4,0,"{""T20"": 4, ""ODI"": 3, ""TEST"": 3}"
3526,"Pakistan tour of West Indies, 2021",2021,International,,4,0,"{""T20"": 4, ""TEST"": 2}"
9399,"Pakistan tour of West Indies, 2025",2025,International,,3,0,"{""T20"": 3, ""ODI"": 3}"
2226,Pakistan tour of Zimbabwe 2013,2013,International,,2,0,"{""T20"": 2, ""ODI"": 3, ""TEST"": 2}"
2378,"Pakistan tour of Zimbabwe, 2015",2015,International,,2,0,"{""T20"": 2, ""ODI"": 3}"
3487,"Pakistan tour of Zimbabwe, 2021",2021,International,,3,0,"{""T20"": 3, ""TEST"": 2}"
8494,"Pakistan tour of Zimbabwe, 2024",2024,International,,3,0,"{""ODI"": 3, ""T20"": 3}"
450,"Pakistan v England T20I Series, 2010",2010,International,,2,0,"{""T20"": 2}"
2356,"Pakistan v England in United Arab Emirates, 2015",2015,International,,3,0,"{""TEST"": 3, ""ODI"": 4, ""T20"": 3}"
442,"Pakistan v New Zealand T20I Series, 2009",2009,International,,2,0,"{""T20"": 2}"
2752,"Pakistan v New Zealand in UAE, 2018",2018,International,,3,0,"{""T20"": 3, ""ODI"": 3, ""TEST"": 3}"
2624,"Pakistan v Sri Lanka in UAE, 2017",2017,International,,3,0,"{""TEST"": 2, ""ODI"": 5, ""T20"": 3}"
2503,"Pakistan v West Indies in UAE, 2016",2016,International,,3,0,"{""T20"": 3, ""ODI"": 3, ""TEST"": 3}"
2225,"Pakistan vs Afghanistan in UAE, 2013",2013,International,,1,0,"{""T20"": 1}"
2265,"Pakistan vs Australia in UAE, 2014",2014,International,,1,0,"{""T20"": 1, ""ODI"": 3, ""TEST"": 2}"
2275,"Pakistan vs New Zealand in UAE, 2014",2014,International,,2,0,"{""TEST"": 3, ""T20"": 2, ""ODI"": 5}"
2218,"Pakistan vs South Africa in UAE, 2013",2013,International,,2,0,"{""TEST"": 2, ""ODI"": 5, ""T20"": 2}"
2224,"Pakistan vs Sri Lanka in UAE, 2013-14",2013,International,,2,0,"{""T20"": 2, ""ODI"": 5, ""TEST"": 3}"
10713,Papua New Guinea tour of Guernsey 2025,2025,International,,1,0,"{""T20"": 1}"
7686,"Papua New Guinea tour of Malaysia, 2024",2024,International,,2,0,"{""T20"": 2}"
7623,Papua New Guinea tour of Oman 2024,2024,International,,3,0,"{""ODI"": 2, ""T20"": 3}"
4366,"Papua New Guinea tour of Singapore, 2022",2022,International,,4,0,"{""T20"": 4}"
2579,"Papua New Guinea tour of UAE, 2017",2017,International,,2,0,"{""ODI"": 2, ""T20"": 2}"
10410,Pearl of Africa T20I Series 2025,2025,International,,12,0,"{""T20"": 12}"
7415,Philippines tour of Indonesia T20I Series 2023,2023,International,,6,0,"{""T20"": 6}"
7371,Portugal T20 Tri-Series 2021,2021,International,,6,0,"{""T20"": 6}"
11740,"Portugal T20I Tri-Series, 2026",2026,International,,10,0,"{""T20"": 10}"
12646,"Portugal tour of Finland, 2026",2026,International,,5,0,"{""T20"": 5}"
9534,"Portugal tour of Norway, 2025",2025,International,,3,0,"{""T20"": 3}"
12519,"Portugal tour of Sweden, 2026",2026,International,,3,0,"{""T20"": 3}"
9025,"Quadrangular T20I Series in Bhutan, 2024",2024,International,,10,0,"{""T20"": 10}"
10080,"Quadrangular T20I Series in Canada, 2025",2025,International,,5,0,"{""T20"": 5}"
10278,Quadrangular T20I Series in Malawi 2025,2025,International,,14,0,"{""T20"": 14}"
13240,"Quadrangular T20I Series in Nigeria, 2026",2026,International,,6,0,"{""T20"": 6}"
11542,Quadrangular T20I Series in Thailand 2026 ,2026,International,,8,0,"{""T20"": 8}"
7579,Quadrangular Twenty20 Series in Thailand 2024,2024,International,,8,0,"{""T20"": 8}"
10471,"Rwanda T20I Tri-Series, 2025",2025,International,,13,0,"{""T20"": 13}"
9057,Rwanda tour of Malawi 2024,2024,International,,5,0,"{""T20"": 5}"
4931,"Rwanda tour of Tanzania, 2022",2022,International,,5,0,"{""T20"": 5}"
10432,Saudi Arabia tour of Qatar 2025,2025,International,,5,0,"{""T20"": 5}"
9737,Scotland T20I Tri-Series 2025,2025,International,,6,0,"{""T20"": 6}"
2432,"Scotland and Netherlands tour of UAE, 2016",2016,International,,3,0,"{""T20"": 3}"
2414,"Scotland tour of Hong Kong, 2016",2016,International,,2,0,"{""T20"": 2}"
2338,"Scotland tour of Ireland, 2015",2015,International,,4,0,"{""T20"": 4}"
11704,"Scotland tour of Namibia, 2026",2026,International,,3,0,"{""T20"": 3}"
7590,Scotland tour of United Arab Emirates 2024,2024,International,,3,0,"{""T20"": 3}"
2685,"Scotland, Netherlands, Ireland T20I Tri-Series, 2018",2018,International,,6,0,"{""T20"": 6}"
4310,"Serbia tour of Bulgaria, 2022",2022,International,,4,0,"{""T20"": 4}"
7196,Serbia tour of Gibraltar 2023,2023,International,,2,0,"{""T20"": 2}"
9017,"Serbia tour of Gibraltar, 2024",2024,International,,2,0,"{""T20"": 2}"
8422,"Serbia tour of Slovenia, 2024",2024,International,,3,0,"{""T20"": 3}"
9115,"Seychelles tour of Kenya, Only T20I",2024,International,,1,0,"{""T20"": 1}"
7628,Sierra Leone tour of Nigeria T20I Series 2021,2021,International,,6,0,"{""T20"": 6}"
2901,Singapore T20I Tri-Series 2019,2019,International,,6,0,"{""T20"": 6}"
9857,Slovenia tour of Austria 2025,2025,International,,4,0,"{""T20"": 4}"
9899,"Slovenia tour of Hungary, 2025",2025,International,,3,0,"{""T20"": 3}"
9911,"Slovenia tour of Serbia, 2025",2025,International,,3,0,"{""T20"": 3}"
4182,"South Africa A tour of Zimbabwe, 2022",2022,International,,5,0,"{""ODI"": 3, ""T20"": 5}"
403,"South Africa in Australia T20I Match, 2006",2006,International,,1,0,"{""T20"": 1}"
430,"South Africa in Australia T20I Series, 2009",2009,International,,2,0,"{""T20"": 2}"
2113,South Africa in England 2012,2012,International,,3,0,"{""TEST"": 3, ""ODI"": 5, ""T20"": 3}"
426,"South Africa in England T20I Match, 2008",2008,International,,1,0,"{""T20"": 1}"
2079,South Africa in New Zealand 2012,2012,International,,3,0,"{""T20"": 3, ""ODI"": 3, ""TEST"": 3}"
235,"South Africa in West Indies, 2010",2010,International,,2,0,"{""T20"": 2, ""ODI"": 5, ""TEST"": 3}"
2297,"South Africa tour of Australia, 2014",2014,International,,3,0,"{""T20"": 3, ""ODI"": 5}"
2700,"South Africa tour of Australia, 2018",2018,International,,2,0,"{""ODI"": 4, ""T20"": 2}"
9602,"South Africa tour of Australia, 2025",2025,International,,3,0,"{""T20"": 3, ""ODI"": 3}"
2329,"South Africa tour of Bangladesh, 2015",2015,International,,2,0,"{""T20"": 2, ""ODI"": 3, ""TEST"": 2}"
2485,"South Africa tour of England, 2017",2017,International,,3,0,"{""ODI"": 5, ""T20"": 3, ""TEST"": 5}"
3646,"South Africa tour of England, 2022",2022,International,,3,0,"{""ODI"": 5, ""T20"": 3, ""TEST"": 4}"
8788,"South Africa tour of England, 2025",2025,International,,3,0,"{""ODI"": 3, ""T20"": 3}"
2282,"South Africa tour of India Practice matches, 2015",2015,International,,1,0,"{""T20"": 1, ""TEST"": 1}"
2359,"South Africa tour of India, 2015",2015,International,,3,0,"{""T20"": 3, ""ODI"": 5, ""TEST"": 4}"
2845,"South Africa tour of India, 2019",2019,International,,3,0,"{""T20"": 3, ""TEST"": 4}"
3697,"South Africa tour of India, 2022",2022,International,,5,0,"{""T20"": 5}"
4471,"South Africa tour of India, 2022",2022,International,,3,0,"{""T20"": 3, ""ODI"": 3}"
9638,"South Africa tour of India, 2025",2025,International,,5,0,"{""TEST"": 2, ""ODI"": 3, ""T20"": 5}"
3438,"South Africa tour of Ireland, 2021",2021,International,,3,0,"{""ODI"": 3, ""T20"": 3}"
10504,South Africa tour of Namibia 2025,2025,International,,1,0,"{""T20"": 1}"
2567,"South Africa tour of New Zealand Practice match, 2017",2017,International,,1,0,"{""T20"": 1}"
2462,"South Africa tour of New Zealand, 2017",2017,International,,1,0,"{""T20"": 1, ""ODI"": 5, ""TEST"": 3}"
10234,"South Africa tour of New Zealand, 2026",2026,International,,5,0,"{""T20"": 5}"
3353,"South Africa tour of Pakistan, 2021",2021,International,,3,0,"{""TEST"": 2, ""T20"": 3}"
10895,"South Africa tour of Pakistan, 2025",2025,International,,3,0,"{""TEST"": 2, ""T20"": 3, ""ODI"": 3}"
2191,South Africa tour of Sri Lanka 2013,2013,International,,3,0,"{""ODI"": 5, ""T20"": 3}"
2686,"South Africa tour of Sri Lanka, 2018",2018,International,,1,0,"{""TEST"": 3, ""ODI"": 6, ""T20"": 1}"
3596,"South Africa tour of Sri Lanka, 2021",2021,International,,3,0,"{""ODI"": 3, ""T20"": 3}"
3521,"South Africa tour of West Indies, 2021",2021,International,,5,0,"{""TEST"": 2, ""T20"": 5}"
8103,"South Africa tour of West Indies, 2024",2024,International,,3,0,"{""T20"": 3}"
8238,"South Africa tour of West Indies, 2024",2024,International,,3,0,"{""TEST"": 3, ""T20"": 3}"
4051,"South Africa v Ireland in England, 2022",2022,International,,2,0,"{""T20"": 2}"
12653,"South American Men's T20I Championship, 2026",2026,International,,7,0,"{""T20"": 7}"
8438,South Asian Games Mens Cricket Competition 2019,2019,International,,4,0,"{""T20"": 4}"
2816,"Spain Triangular T20I Series, 2019",2019,International,,5,0,"{""T20"": 5}"
4177,"Spain Triangular T20I Series, 2022",2022,International,,6,0,"{""T20"": 6}"
4917,"Spain Triangular T20I Series, 2022-23",2022,International,,6,0,"{""T20"": 6}"
8578,"Spain tour of Croatia, 2024",2024,International,,5,0,"{""T20"": 5}"
2874,"Spain tour of Finland, 2019",2019,International,,3,0,"{""T20"": 3}"
447,"Sri Lanka Associates T20 Series, 2010",2010,International,,3,0,"{""T20"": 3}"
2146,Sri Lanka in Australia 2012-13,2012,International,,2,0,"{""TEST"": 3, ""ODI"": 5, ""T20"": 2}"
254,"Sri Lanka in Australia, 2010",2010,International,,1,0,"{""T20"": 1, ""ODI"": 3}"
2249,Sri Lanka in Bangladesh 2014,2014,International,,2,0,"{""TEST"": 2, ""T20"": 2, ""ODI"": 3}"
406,"Sri Lanka in England T20I Match, 2006",2006,International,,1,0,"{""T20"": 1}"
1627,"Sri Lanka in England, 2011",2011,International,,1,0,"{""TEST"": 3, ""T20"": 1, ""ODI"": 5}"
444,"Sri Lanka in India T20I Series, 2009",2009,International,,2,0,"{""T20"": 2}"
410,"Sri Lanka in New Zealand T20I Series, 2006",2006,International,,2,0,"{""T20"": 2}"
2093,Sri Lanka in Pakistan 2011,2011,International,,1,0,"{""TEST"": 3, ""ODI"": 5, ""T20"": 1}"
4415,"Sri Lanka tour New Zealand, 2023",2023,International,,3,0,"{""TEST"": 3, ""ODI"": 3, ""T20"": 3}"
2561,"Sri Lanka tour of Australia Practice match, 2017",2017,International,,1,0,"{""T20"": 1}"
2446,"Sri Lanka tour of Australia, 2017",2017,International,,3,0,"{""T20"": 3}"
2827,"Sri Lanka tour of Australia, 2019",2019,International,,4,0,"{""T20"": 4}"
3547,"Sri Lanka tour of Australia, 2022",2022,International,,5,0,"{""T20"": 5}"
2654,"Sri Lanka tour of Bangladesh, 2018",2018,International,,2,0,"{""TEST"": 2, ""T20"": 2}"
7534,"Sri Lanka tour of Bangladesh, 2024",2024,International,,3,0,"{""T20"": 3, ""ODI"": 3, ""TEST"": 2}"
2235,Sri Lanka tour of England and Ireland 2014,2014,International,,1,0,"{""ODI"": 7, ""T20"": 1, ""TEST"": 2}"
2368,"Sri Lanka tour of England, 2016",2016,International,,1,0,"{""TEST"": 3, ""ODI"": 5, ""T20"": 1}"
3332,"Sri Lanka tour of England, 2021",2021,International,,3,0,"{""T20"": 3, ""ODI"": 3}"
10576,"Sri Lanka tour of England, 2026",2026,International,,3,0,"{""T20"": 3, ""ODI"": 3}"
2428,"Sri Lanka tour of India, 2016",2016,International,,3,0,"{""T20"": 3}"
2637,"Sri Lanka tour of India, 2017",2017,International,,3,0,"{""TEST"": 4, ""ODI"": 3, ""T20"": 3}"
2848,"Sri Lanka tour of India, 2020",2020,International,,3,0,"{""T20"": 3}"
3692,"Sri Lanka tour of India, 2022",2022,International,,3,0,"{""T20"": 3, ""TEST"": 2}"
5197,"Sri Lanka tour of India, 2023",2023,International,,3,0,"{""T20"": 3, ""ODI"": 3}"
11913,"Sri Lanka tour of India, 2026",2026,International,,3,0,"{""ODI"": 3, ""T20"": 3}"
12547,Sri Lanka tour of New Zealand 2027,2027,International,,3,0,"{""ODI"": 3, ""T20"": 3, ""TEST"": 2}"
2372,"Sri Lanka tour of New Zealand, 2015-16",2015,International,,2,0,"{""TEST"": 2, ""ODI"": 5, ""T20"": 2}"
2739,"Sri Lanka tour of New Zealand, 2018-19",2018,International,,1,0,"{""TEST"": 3, ""ODI"": 3, ""T20"": 1}"
8553,"Sri Lanka tour of New Zealand, 2024-25",2024,International,,5,0,"{""T20"": 5, ""ODI"": 3}"
3621,"Sri Lanka tour of Oman, 2021",2021,International,,2,0,"{""T20"": 2}"
2891,"Sri Lanka tour of Pakistan, 2019",2019,International,,3,0,"{""ODI"": 3, ""T20"": 3}"
13037,"Sri Lanka tour of Pakistan, 2026",2026,International,,3,0,"{""T20"": 3, ""TEST"": 3}"
2398,"Sri Lanka tour of South Africa, 2016-17",2016,International,,3,0,"{""TEST"": 3, ""T20"": 3, ""ODI"": 5}"
2692,"Sri Lanka tour of South Africa, 2019",2019,International,,3,0,"{""TEST"": 2, ""ODI"": 6, ""T20"": 3}"
11946,Sri Lanka tour of West Indies 2026,2026,International,,3,0,"{""ODI"": 3, ""T20"": 3, ""TEST"": 3}"
3452,"Sri Lanka tour of West Indies, 2021",2021,International,,3,0,"{""T20"": 3, ""ODI"": 3, ""TEST"": 3}"
10267,"Sri Lanka tour of Zimbabwe, 2025",2025,International,,3,0,"{""ODI"": 2, ""T20"": 3}"
8386,"Sweden tour of Denmark, 2021",2021,International,,3,0,"{""T20"": 3}"
8132,"Sweden tour of Finland, 2021",2021,International,,4,0,"{""T20"": 4}"
11652,"Sweden tour of Indonesia, 2026",2026,International,,8,0,"{""T20"": 8}"
10812,Sweden tour of Isle Of Man 2025,2025,International,,4,0,"{""T20"": 4}"
9920,"Switzerland tour of Austria, 2025",2025,International,,4,0,"{""T20"": 4}"
10465,"Switzerland tour of Estonia, 2025",2025,International,,3,0,"{""T20"": 3}"
10801,"Switzerland tour of Guernsey, 2025",2025,International,,3,0,"{""T20"": 3}"
4289,"Switzerland tour of Luxembourg, 2022",2022,International,,2,0,"{""T20"": 2}"
6666,"Switzerland tour of Luxembourg, 2023",2023,International,,2,0,"{""T20"": 2}"
9908,"Switzerland tour of Luxembourg, 2025",2025,International,,3,0,"{""T20"": 3}"
4833,T20 WC Warm-up Matches IND v WA X1 2022,2022,International,,2,0,"{""T20"": 2}"
12250,"T20I Tri-Series In Japan, 2026",2026,International,,6,0,"{""T20"": 6}"
8969,"T20I Tri-Series in South Korea, 2024",2024,International,,2,0,"{""T20"": 2}"
8042,Thailand tour of Indonesia 2024,2024,International,,5,0,"{""T20"": 5}"
2187,Twenty20 Quadrangular in Namibia 2013,2013,International,,1,0,"{""T20"": 1}"
2868,"UAE tour of Netherlands, 2019",2019,International,,4,0,"{""T20"": 4}"
9451,"USA tour of Oman T20I Series, 2025",2025,International,,3,0,"{""T20"": 3}"
2815,"USA tour of UAE, 2019",2019,International,,2,0,"{""T20"": 2}"
7390,Uganda T20 Tri-Series 2021,2021,International,,10,0,"{""T20"": 10}"
3492,"Uganda tour of Namibia, 2021",2021,International,,3,0,"{""T20"": 3}"
4114,"Uganda tour of Namibia, 2022",2022,International,,3,0,"{""T20"": 3}"
6746,"Uganda tour of Namibia, 2023",2023,International,,4,0,"{""T20"": 4, ""ODI"": 2}"
3139,"Uganda tour of Qatar, 2020",2020,International,,3,0,"{""T20"": 3}"
10642,United Arab Emirates T20I Tri-Series 2025,2025,International,,7,0,"{""T20"": 7}"
13131,"United Arab Emirates tour of Malaysia, 2026",2026,International,,3,0,"{""T20"": 3}"
12081,United Arab Emirates tour of Nepal 2026,2026,International,,2,0,"{""T20"": 2}"
2768,"United Arab Emirates v Australia Only T20I, 2018",2018,International,,1,0,"{""T20"": 1}"
2907,"Vanuatu tour of Malaysia, 2019",2019,International,,6,0,"{""T20"": 6}"
6276,Victoria Tri Series 2019,2019,International,,7,0,"{""T20"": 7}"
2234,West Indies A tour of India 2013,2013,International,,1,0,"{""ODI"": 3, ""T20"": 1, ""TEST"": 3}"
2147,West Indies in Australia 2013,2013,International,,1,0,"{""ODI"": 5, ""T20"": 1}"
451,"West Indies in Australia T20I Series, 2010",2010,International,,2,0,"{""T20"": 2}"
2103,West Indies in Bangladesh 2011,2011,International,,1,0,"{""T20"": 1, ""ODI"": 3, ""TEST"": 2}"
2111,West Indies in England 2012,2012,International,,1,0,"{""TEST"": 3, ""ODI"": 3, ""T20"": 1}"
413,"West Indies in England T20I Series, 2007",2007,International,,2,0,"{""T20"": 2}"
2090,West Indies in England T20Is 2011,2011,International,,2,0,"{""T20"": 2}"
404,"West Indies in New Zealand T20I Match, 2006",2006,International,,1,0,"{""T20"": 1}"
429,"West Indies in New Zealand T20I Series, 2008",2008,International,,2,0,"{""T20"": 2}"
419,"West Indies in South Africa T20I Series, 2007",2007,International,,2,0,"{""T20"": 2}"
2262,"West Indies in South Africa, 2014-15",2014,International,,3,0,"{""TEST"": 3, ""T20"": 3, ""ODI"": 5}"
4245,"West Indies tour of Australia, 2022",2022,International,,2,0,"{""T20"": 2, ""TEST"": 4}"
6297,"West Indies tour of Australia, 2024",2024,International,,3,0,"{""TEST"": 3, ""ODI"": 3, ""T20"": 3}"
2163,West Indies tour of Bangladesh 2012,2012,International,,1,0,"{""TEST"": 2, ""ODI"": 5, ""T20"": 1}"
10955,"West Indies tour of Bangladesh, 2025",2025,International,,3,0,"{""ODI"": 3, ""T20"": 3}"
2486,"West Indies tour of England, 2017",2017,International,,1,0,"{""TEST"": 7, ""T20"": 1, ""ODI"": 5}"
8796,"West Indies tour of England, 2025",2025,International,,3,0,"{""ODI"": 3, ""T20"": 3}"
2847,"West Indies tour of India, 2019",2019,International,,3,0,"{""T20"": 3, ""ODI"": 3}"
3687,"West Indies tour of India, 2022",2022,International,,3,0,"{""ODI"": 3, ""T20"": 3}"
9390,"West Indies tour of Ireland, 2025",2025,International,,3,0,"{""ODI"": 3, ""T20"": 3}"
2229,West Indies tour of New Zealand 2013-14,2013,International,,2,0,"{""TEST"": 3, ""ODI"": 5, ""T20"": 2}"
2602,"West Indies tour of New Zealand, 2017-18",2017,International,,3,0,"{""TEST"": 3, ""ODI"": 4, ""T20"": 3}"
3274,"West Indies tour of New Zealand, 2020",2020,International,,3,0,"{""TEST"": 4, ""T20"": 3}"
10223,"West Indies tour of New Zealand, 2025",2025,International,,5,0,"{""T20"": 5, ""ODI"": 3, ""TEST"": 4}"
3858,"West Indies tour of Pakistan, 2021-22",2021,International,,3,0,"{""T20"": 3, ""ODI"": 3}"
4854,"West Indies tour of South Africa, 2023",2023,International,,3,0,"{""TEST"": 3, ""ODI"": 3, ""T20"": 3}"
9551,"West Indies tour of South Africa, 2026",2026,International,,3,0,"{""T20"": 3}"
2375,"West Indies tour of Sri Lanka, 2015",2015,International,,2,0,"{""TEST"": 2, ""ODI"": 3, ""T20"": 2}"
3077,"West Indies tour of Sri Lanka, 2020",2020,International,,2,0,"{""ODI"": 4, ""T20"": 2}"
9009,"West Indies tour of Sri Lanka, 2024",2024,International,,3,0,"{""T20"": 3, ""ODI"": 3}"
2504,"West Indies v Emirates Cricket Board Practice matches in UAE, 2016",2016,International,,1,0,"{""T20"": 1, ""TEST"": 2}"
10091,"West Indies vs Nepal in UAE, 2025",2025,International,,3,0,"{""T20"": 3}"
2736,"Windies tour of Bangladesh, 2018",2018,International,,3,0,"{""TEST"": 3, ""ODI"": 4, ""T20"": 3}"
2754,"Windies tour of India, 2018",2018,International,,3,0,"{""TEST"": 3, ""ODI"": 5, ""T20"": 3}"
2645,"Windies tour of Pakistan, 2018",2018,International,,3,0,"{""T20"": 3}"
4161,"Zimbabwe A tour of Nepal, 2022",2022,International,,3,0,"{""ODI"": 4, ""T20"": 3}"
9587,"Zimbabwe T20I Tri-Series, 2025",2025,International,,7,0,"{""T20"": 7}"
2135,"Zimbabwe Twenty20 Triangular Series, 2012",2012,International,,7,0,"{""T20"": 7}"
408,"Zimbabwe in Bangladesh T20I Match, 2006",2006,International,,1,0,"{""T20"": 1}"
2078,Zimbabwe in New Zealand 2012,2012,International,,2,0,"{""TEST"": 1, ""ODI"": 3, ""T20"": 2}"
1630,"Zimbabwe in South Africa, 2010",2010,International,,2,0,"{""T20"": 2, ""ODI"": 3}"
453,"Zimbabwe in West Indies T20I Match, 2010",2010,International,,1,0,"{""T20"": 1}"
2389,"Zimbabwe tour of Bangladesh, 2015",2015,International,,2,0,"{""ODI"": 3, ""T20"": 2}"
2426,"Zimbabwe tour of Bangladesh, 2016",2016,International,,4,0,"{""T20"": 4}"
3121,"Zimbabwe tour of Bangladesh, 2020",2020,International,,2,0,"{""TEST"": 2, ""ODI"": 3, ""T20"": 2}"
7706,"Zimbabwe tour of Bangladesh, 2024",2024,International,,5,0,"{""T20"": 5}"
2793,"Zimbabwe tour of Ireland, 2019",2019,International,,3,0,"{""ODI"": 3, ""T20"": 3}"
3442,"Zimbabwe tour of Ireland, 2021",2021,International,,5,0,"{""T20"": 5, ""ODI"": 3}"
7226,Zimbabwe tour of Namibia 2023,2023,International,,5,0,"{""T20"": 5}"
2818,"Zimbabwe tour of Netherlands, 2019",2019,International,,2,0,"{""ODI"": 2, ""T20"": 2}"
2336,"Zimbabwe tour of Pakistan, 2015",2015,International,,2,0,"{""T20"": 2, ""ODI"": 3}"
3264,"Zimbabwe tour of Pakistan, 2020",2020,International,,3,0,"{""ODI"": 3, ""T20"": 3}"
3611,"Zimbabwe tour of Scotland, 2021",2021,International,,3,0,"{""T20"": 3}"
2690,"Zimbabwe tour of South Africa, 2018",2018,International,,3,0,"{""ODI"": 3, ""T20"": 3}"
7411,Zimbabwe tour of Sri Lanka 2024,2024,International,,3,0,"{""ODI"": 3, ""T20"": 3}"
2413,"Zimbabwe tour of United Arab Emirates, 2015-16",2015,International,,2,0,"{""ODI"": 5, ""T20"": 2}"
2168,Zimbabwe tour of West Indies 2013,2013,International,,2,0,"{""ODI"": 3, ""T20"": 2, ""TEST"": 2}"
248,"Zimbabwe v India T20I Series, 2010",2010,International,,2,0,"{""T20"": 2}"
9442,Asian Legends League 2025,2025,Legends,,14,0,"{""T20"": 14}"
9435,"International Masters League T20, 2025",2025,Legends,,18,0,"{""T20"": 18}"
7651,"Legends Cricket Trophy, 2024",2024,Legends,,22,0,"{""T20"": 22}"
3956,Legends League Cricket 2022,2022,Legends,,7,0,"{""T20"": 7}"
4574,Legends League Cricket 2022,2022,Legends,,16,0,"{""T20"": 16}"
5969,Legends League Cricket 2023,2023,Legends,,8,0,"{""T20"": 8}"
7243,Legends League Cricket 2023,2023,Legends,,19,0,"{""T20"": 19}"
8913,Legends League Cricket 2024,2024,Legends,,25,0,"{""T20"": 25}"
11671,Legends League Cricket 2026,2026,Legends,,23,0,"{""T20"": 23}"
2415,"Masters Champions League, 2016",2016,Legends,,18,0,"{""T20"": 18}"
3177,Road Safety World Series T20 2020-21,2020,Legends,,19,0,"{""T20"": 19}"
4667,Road Safety World Series T20 2022,2022,Legends,,24,0,"{""T20"": 24}"
8481,World Championship of Legends 2024,2024,Legends,,18,0,"{""T20"": 18}"
10361,World Championship of Legends 2025,2025,Legends,,18,0,"{""T20"": 18}"
13300,World Championship of Legends 2026,2026,Legends,,24,0,"{""T20"": 24}"
11471,World Legends Pro T20 League 2026,2026,Legends,,18,0,"{""T20"": 18}"
9188,Abu Dhabi T10 League 2024,2024,T10,,40,0,"{""T20"": 40}"
11119,Abu Dhabi T10 League 2025,2025,T10,,32,0,"{""T20"": 32}"
9225,"Lanka T10 Super League, 2024",2024,T10,,25,0,"{""T20"": 25}"
2934,Qatar T10 League 2019,2019,T10,,19,0,"{""T20"": 19}"
2774,T10 League 2018,2018,T10,,29,0,"{""T20"": 29}"
2917,T10 League 2019,2019,T10,,29,0,"{""T20"": 29}"
3403,T10 League 2021,2021,T10,,29,0,"{""T20"": 29}"
3871,T10 League 2021-22,2021,T10,,35,0,"{""T20"": 35}"
4933,T10 League 2022,2022,T10,,33,0,"{""T20"": 33}"
7350,T10 League 2023,2023,T10,,32,0,"{""T20"": 32}"
7012,US Masters T10 League 2023,2023,T10,,28,0,"{""T20"": 28}"
6843,Zim Afro T10 2023,2023,T10,,25,0,"{""T20"": 25}"
8897,Zim Afro T10 2024,2024,T10,,25,0,"{""T20"": 25}"
