family,cat,seasons,years,cb_matches,completed_last_season,bbb_balls_inn1,sample_series,err
Abu Dhabi T10 League,T10,2,2024-2025,72,32,62,11119,
ACC Eastern Region T20,Gap league,1,2020-2020,10,10,0,3168,
ACC Western Region T20,Gap league,2,2019-2020,26,15,0,3159,
Afghanistan Premier League,Gap league,1,2018-2018,23,23,128,2767,
Africa Cricket Association Cup,Gap league,2,2022-2023,31,16,0,7399,
Andhra Premier League,Gap league,1,2025-2025,25,25,129,10592,
Asian Legends League,Legends,1,2025-2025,14,14,134,9442,
Bahrain in Uganda,Gap league,1,2024-2024,2,2,0,9157,
Balkan Cup,Gap league,1,2020-2020,4,4,0,8440,
Bangabandhu T20 Cup,Gap league,1,2020-2020,24,24,121,3348,
Budapest Cup,Gap league,2,2023-2025,11,8,124,10498,
Bushfire Bash,Gap league,1,2020-2020,1,1,64,3141,
Central American Cricket Championships,Gap league,2,2024-2025,13,8,126,9692,
Central Europe Cup,Gap league,5,2021-2026,27,6,129,12573,
Champions League T20,Gap league,4,2011-2014,110,29,0,2264,
Champions League T20 /10,Gap league,1,2009-2009,23,23,0,2100,
Champions League T20 /11,Gap league,1,2010-2010,23,23,0,2101,
Chhattisgarh Cricket Premier League,Gap league,1,2025-2025,18,18,126,10069,
Cricbuzz,Gap league,1,2013-2013,4,9,0,2176,
CSA Provincial T20 Cup,Gap league,3,2021-2024,70,24,123,7658,
CSA T20 Knock Out Competition,Gap league,2,2024-2025,49,25,0,11110,
Delhi Premier League,Gap league,2,2025-2026,88,44,132,12851,
Desert T20,Gap league,1,2017-2017,15,15,124,2548,
East Africa Cup,Gap league,1,2023-2023,18,18,124,7066,
Eastern Europe Cup,Gap league,1,2025-2025,7,7,0,10790,
ECA Men's European Cup,Gap league,1,2026-2026,13,13,131,12751,
Emirates T20 Trophy,Gap league,1,2017-2017,7,7,126,2575,
Friends Life t20,Gap league,3,2011-2013,127,97,0,2186,
Friends Provident T20,Gap league,1,2010-2010,18,19,0,1613,
Global Super League,Gap league,3,2024-2026,34,12,124,12012,
Global T20 Canada,Gap league,4,2018-2024,94,25,120,8518,
Haryana Premier League,Gap league,1,2017-2017,18,18,128,2558,
Hellenic Premier League,Gap league,1,2019-2019,4,4,0,8285,
Hong Kong Friendship Cup,Gap league,1,2024-2024,1,1,131,7637,
Hong Kong Sixes,Gap league,1,2025-2025,29,29,0,11122,
Hong Kong T20 Blitz,Gap league,1,2017-2017,11,11,71,2570,
Hong Kong Twenty20 Blitz,Gap league,2,2016-2018,18,11,122,2657,
Iberia Cup,Gap league,1,2019-2019,6,6,0,2912,
ICC World Twenty20,Gap league,1,2014-2014,35,35,0,2243,
ICC World Twenty20 East Asia Pacific Region Final,Gap league,1,2019-2019,6,6,0,7355,
International Masters League T20,Legends,1,2025-2025,18,18,124,9435,
Karnataka Premier League,Gap league,6,2010-2019,139,25,80,2876,
Kartini Cup,Gap league,2,2019-2025,6,4,130,9560,
Kerala Cricket League,Gap league,1,2025-2025,33,33,111,10620,
Lanka T10 Super League,T10,1,2024-2024,25,25,61,9225,
Legends Cricket Trophy,Legends,1,2024-2024,22,22,57,7651,
Legends League Cricket,Legends,6,2022-2026,98,23,127,11671,
Madhya Pradesh Premier League,Gap league,2,2025-2026,72,48,128,12530,
Maharaja Trophy KSCA T20,Gap league,5,2022-2026,168,34,128,12541,
Maharashtra Premier League,Gap league,1,2025-2025,34,34,127,9944,
Masters Champions League,Legends,1,2016-2016,18,18,0,2415,
Mdina Cup,Gap league,3,2023-2025,20,7,90,9818,
Mens African Games,Gap league,1,2024-2024,16,16,126,7672,
Mini SEA Mens Twenty20 Cricket Competition,Gap league,1,2025-2025,6,6,37,11234,
North American Cup,Gap league,1,2026-2026,10,5,117,13053,
Pondicherry Premier League,Gap league,1,2025-2025,34,34,123,10350,
Qatar T10 League,T10,1,2019-2019,19,19,62,2934,
Rajasthan Premier League,Gap league,1,2023-2023,19,19,115,7088,
Rajputana Premier League,Gap league,1,2017-2017,19,19,129,2596,
Road Safety World Series T20,Legends,2,2020-2022,43,24,137,4667,
RSA T20 Cup,Gap league,1,2009-2009,2,2,0,5297,
Saudari Cup,Gap league,2,2018-2019,9,3,0,7329,
Saurashtra Premier League,Gap league,2,2019-2023,22,11,123,7058,
SEA Games Mens Twenty20 Cricket Competition,Gap league,2,2023-2025,18,10,123,11363,
Sher-E-Punjab T20 League,Gap league,1,2026-2026,27,27,130,13073,
Sofia T20,Gap league,1,2021-2021,9,9,0,8445,
South American Mens Championships,Gap league,2,2024-2025,19,3,53,11089,
Southern Africa Cup,Gap league,1,2023-2023,10,10,0,6521,
Sri Lanka Cricket Super 4 T20 Tournament,Gap league,1,2013-2013,7,7,0,2228,
Super Provincial T20 Tournament,Gap league,1,2018-2018,13,13,122,2747,
T10 League,T10,6,2018-2023,187,32,67,7350,
T20 Canada,Gap league,1,2008-2008,8,8,0,427,
T20 Mumbai,Gap league,3,2019-2026,69,23,130,12299,
T20 Spring Challenge,Gap league,3,2024-2026,63,0,,12747,
Tamil Nadu Premier League,Gap league,10,2016-2026,320,32,100,12620,
TG20,Gap league,1,2026-2026,32,32,129,12664,
The North American T20 Cup,Gap league,1,2025-2025,13,13,128,9677,
UAE Summer T20 Bash,Gap league,1,2021-2021,7,7,122,3677,
US Masters T10 League,T10,1,2023-2023,28,28,0,7012,
Uttar Pradesh Premier League,Gap league,1,2025-2025,34,34,125,10735,
Valletta Cup,Gap league,4,2019-2023,41,13,123,6752,
Viking Cup,Gap league,2,2025-2026,16,8,127,12507,
West Africa Trophy,Gap league,2,2023-2025,40,20,125,11295,
World Championship of Legends,Legends,3,2024-2026,60,0,,13300,
World Legends Pro T20 League,Legends,1,2026-2026,18,18,121,11471,
Zim Afro T10,T10,2,2023-2024,50,25,63,8897,
Zonal T20 League,Gap league,2,2017-2018,130,65,0,2666,
