from_id,from_name,to_id,to_name,matches_moved
546,"M.Chinnaswamy Stadium, Bengaluru",15,M Chinnaswamy Stadium,111
586,"MA Chidambaram Stadium, Chennai",60,"MA Chidambaram Stadium, Chepauk",58
537,"Sharjah Cricket Stadium, Sharjah",136,Sharjah Cricket Stadium,51
574,"Harare Sports Club, Harare",5,Harare Sports Club,47
552,"Pallekele International Cricket Stadium, Pallekele",86,Pallekele International Cricket Stadium,43
566,"Holkar Stadium, Indore",476,Holkar Stadium,37
581,"Rajiv Gandhi International Stadium, Hyderabad",81,"Rajiv Gandhi International Stadium, Uppal",31
538,"Shere Bangla National Stadium, Dhaka",307,"Shere Bangla National Stadium, Mirpur",24
545,"Mission Road Ground, Mong Kok",204,"Mission Road Ground, Mong Kok, Hong Kong",16
572,"R.Premadasa Stadium, Colombo",120,"R Premadasa Stadium, Colombo",5
573,"Rangiri Dambulla International Stadium, Dambulla",255,Rangiri Dambulla International Stadium,4
561,"Barabati Stadium, Cuttack",42,Barabati Stadium,3
563,"Green Park, Kanpur",13,Green Park,5
554,"Lalabhai Contractor Stadium, Surat",474,Lalbhai Contractor Stadium,5
542,"ICC Academy Ground No 2, Dubai",91,ICC Academy Ground No 2,1
541,"ICC Academy Ground, Dubai",153,"ICC Academy, Dubai",7
560,"Al Amerat Cricket Ground (Ministry Turf 1), Al Amerat",68,Al Amerat Cricket Ground Oman Cricket (Ministry Turf 1),7
571,"Maharaja Yadavindra Singh International Cricket Stadium, Mullanpur, Chandigarh",332,"Maharaja Yadavindra Singh International Cricket Stadium, Mullanpur",2
385,"Maharaja Yadavindra Singh International Cricket Stadium, New Chandigarh",332,"Maharaja Yadavindra Singh International Cricket Stadium, Mullanpur",6
565,"Srikantadatta Narasimha Raja Wadeyar Ground, Mysore",547,"Srikantadatta Narasimha Raja Wadiyar Ground, Mysore",44
550,"Dr DY Patil Sports Academy, Navi Mumbai ",331,"Dr DY Patil Sports Academy, Mumbai",13
